41201,849  ,8490000,ｻｶﾞｹﾝ,ｻｶﾞｼ,ｲｶﾆｹｲｻｲｶﾞﾅｲﾊﾞｱｲ,佐賀県,佐賀市,以下に掲載がない場合,0,0,0,0,0,0
41201,849  ,8490933,ｻｶﾞｹﾝ,ｻｶﾞｼ,ｵﾛｼﾎﾝﾏﾁ,佐賀県,佐賀市,卸本町,0,0,0,0,0,0
41201,849  ,8490934,ｻｶﾞｹﾝ,ｻｶﾞｼ,ｶｲｾｲ,佐賀県,佐賀市,開成,0,0,1,0,0,0
41201,849  ,8490906,ｻｶﾞｹﾝ,ｻｶﾞｼ,ｷﾝﾘｭｳﾏﾁｷﾝﾘｭｳ,佐賀県,佐賀市,金立町金立,0,0,0,0,0,0
41201,849  ,8490905,ｻｶﾞｹﾝ,ｻｶﾞｼ,ｷﾝﾘｭｳﾏﾁﾁﾌ,佐賀県,佐賀市,金立町千布,0,0,0,0,0,0
41201,849  ,8490904,ｻｶﾞｹﾝ,ｻｶﾞｼ,ｷﾝﾘｭｳﾏﾁﾔｸｼﾏﾙ,佐賀県,佐賀市,金立町薬師丸,0,0,0,0,0,0
41201,849  ,8490902,ｻｶﾞｹﾝ,ｻｶﾞｼ,ｸﾎﾞｲｽﾞﾐﾏﾁｶﾐｲｽﾞﾐ,佐賀県,佐賀市,久保泉町上和泉,0,0,0,0,0,0
41201,849  ,8490901,ｻｶﾞｹﾝ,ｻｶﾞｼ,ｸﾎﾞｲｽﾞﾐﾏﾁｶﾜｸﾎﾞ,佐賀県,佐賀市,久保泉町川久保,0,0,0,0,0,0
41201,849  ,8490903,ｻｶﾞｹﾝ,ｻｶﾞｼ,ｸﾎﾞｲｽﾞﾐﾏﾁｼﾓｲｽﾞﾐ,佐賀県,佐賀市,久保泉町下和泉,0,0,0,0,0,0
41201,84902,8490205,ｻｶﾞｹﾝ,ｻｶﾞｼ,ｸﾎﾞﾀﾁｮｳｴﾄﾞ,佐賀県,佐賀市,久保田町江戸,0,0,0,0,0,0
41201,84902,8490204,ｻｶﾞｹﾝ,ｻｶﾞｼ,ｸﾎﾞﾀﾁｮｳｸﾎﾞﾀ,佐賀県,佐賀市,久保田町久保田,0,0,0,0,0,0
41201,84902,8490203,ｻｶﾞｹﾝ,ｻｶﾞｼ,ｸﾎﾞﾀﾁｮｳｼﾝﾃﾞﾝ,佐賀県,佐賀市,久保田町新田,0,0,0,0,0,0
41201,84902,8490201,ｻｶﾞｹﾝ,ｻｶﾞｼ,ｸﾎﾞﾀﾁｮｳﾄｸﾏﾝ,佐賀県,佐賀市,久保田町徳万,0,0,0,0,0,0
41201,84902,8490202,ｻｶﾞｹﾝ,ｻｶﾞｼ,ｸﾎﾞﾀﾁｮｳﾋｻﾄﾞﾐ,佐賀県,佐賀市,久保田町久富,0,0,0,0,0,0
41201,849  ,8490924,ｻｶﾞｹﾝ,ｻｶﾞｼ,ｼﾝﾅｶﾏﾁ,佐賀県,佐賀市,新中町,0,0,0,0,0,0
41201,849  ,8490927,ｻｶﾞｹﾝ,ｻｶﾞｼ,ﾀｶｷｾﾀﾞﾝﾁ,佐賀県,佐賀市,高木瀬団地,0,0,0,0,0,0
41201,849  ,8490922,ｻｶﾞｹﾝ,ｻｶﾞｼ,ﾀｶｷｾﾋｶﾞｼ,佐賀県,佐賀市,高木瀬東,0,0,1,0,0,0
41201,849  ,8490921,ｻｶﾞｹﾝ,ｻｶﾞｼ,ﾀｶｷｾﾆｼ,佐賀県,佐賀市,高木瀬西,0,0,1,0,0,0
41201,849  ,8490917,ｻｶﾞｹﾝ,ｻｶﾞｼ,ﾀｶｷｾﾏﾁﾅｶﾞｾ,佐賀県,佐賀市,高木瀬町長瀬,0,0,0,0,0,0
41201,849  ,8490916,ｻｶﾞｹﾝ,ｻｶﾞｼ,ﾀｶｷｾﾏﾁﾋｶﾞｼﾀｶｷﾞ,佐賀県,佐賀市,高木瀬町東高木,0,0,0,0,0,0
41201,849  ,8490937,ｻｶﾞｹﾝ,ｻｶﾞｼ,ﾅﾍﾞｼﾏ,佐賀県,佐賀市,鍋島,0,0,1,0,0,0
41201,849  ,8490931,ｻｶﾞｹﾝ,ｻｶﾞｼ,ﾅﾍﾞｼﾏﾏﾁｶｷﾋｻ,佐賀県,佐賀市,鍋島町蛎久,0,0,0,0,0,0
41201,849  ,8490938,ｻｶﾞｹﾝ,ｻｶﾞｼ,ﾅﾍﾞｼﾏﾏﾁﾅﾍﾞｼﾏ,佐賀県,佐賀市,鍋島町鍋島,0,0,0,0,0,0
41201,849  ,8490936,ｻｶﾞｹﾝ,ｻｶﾞｼ,ﾅﾍﾞｼﾏﾏﾁﾓﾘﾀ,佐賀県,佐賀市,鍋島町森田,0,0,0,0,0,0
41201,849  ,8490932,ｻｶﾞｹﾝ,ｻｶﾞｼ,ﾅﾍﾞｼﾏﾏﾁﾔｴﾐｿﾞ,佐賀県,佐賀市,鍋島町八戸溝,0,0,0,0,0,0
41201,849  ,8490925,ｻｶﾞｹﾝ,ｻｶﾞｼ,ﾊｯﾁｮｳﾅﾜﾃﾏﾁ,佐賀県,佐賀市,八丁畷町,0,0,0,0,0,0
41201,849  ,8490923,ｻｶﾞｹﾝ,ｻｶﾞｼ,ﾋﾉﾃﾞ,佐賀県,佐賀市,日の出,0,0,1,0,0,0
41201,849  ,8490912,ｻｶﾞｹﾝ,ｻｶﾞｼ,ﾋｮｳｺﾞﾏﾁｶﾜﾗﾏﾁ,佐賀県,佐賀市,兵庫町瓦町,0,0,0,0,0,0
41201,849  ,8490915,ｻｶﾞｹﾝ,ｻｶﾞｼ,ﾋｮｳｺﾞﾏﾁﾌｼﾞﾉｷ,佐賀県,佐賀市,兵庫町藤木,0,0,0,0,0,0
41201,849  ,8490914,ｻｶﾞｹﾝ,ｻｶﾞｼ,ﾋｮｳｺﾞﾏﾁﾆｼﾌﾞﾁ,佐賀県,佐賀市,兵庫町西渕,0,0,0,0,0,0
41201,849  ,8490913,ｻｶﾞｹﾝ,ｻｶﾞｼ,ﾋｮｳｺﾞﾏﾁﾌﾁ,佐賀県,佐賀市,兵庫町渕,0,0,0,0,0,0
41201,849  ,8490911,ｻｶﾞｹﾝ,ｻｶﾞｼ,ﾋｮｳｺﾞﾏﾁﾜｶﾐﾔ,佐賀県,佐賀市,兵庫町若宮,0,0,0,0,0,0
41201,849  ,8490919,ｻｶﾞｹﾝ,ｻｶﾞｼ,ﾋｮｳｺﾞｷﾀ,佐賀県,佐賀市,兵庫北,0,0,1,0,0,0
41201,849  ,8490918,ｻｶﾞｹﾝ,ｻｶﾞｼ,ﾋｮｳｺﾞﾐﾅﾐ,佐賀県,佐賀市,兵庫南,0,0,1,0,0,0
41201,849  ,8490935,ｻｶﾞｹﾝ,ｻｶﾞｼ,ﾔｴﾐｿﾞ,佐賀県,佐賀市,八戸溝,0,0,1,0,0,0
41201,849  ,8490928,ｻｶﾞｹﾝ,ｻｶﾞｼ,ﾜｶｸｽ,佐賀県,佐賀市,若楠,0,0,1,0,0,0
41201,849  ,8490926,ｻｶﾞｹﾝ,ｻｶﾞｼ,ﾜｶﾐﾔ,佐賀県,佐賀市,若宮,0,0,1,0,0,0
41202,84932,8493223,ｻｶﾞｹﾝ,ｶﾗﾂｼ,ｵｳﾁﾁｮｳｲｷｻ,佐賀県,唐津市,相知町伊岐佐,0,0,0,0,0,0
41202,84932,8493201,ｻｶﾞｹﾝ,ｶﾗﾂｼ,ｵｳﾁﾁｮｳｵｳﾁ,佐賀県,唐津市,相知町相知,0,0,0,0,0,0
41202,84932,8493221,ｻｶﾞｹﾝ,ｶﾗﾂｼ,ｵｳﾁﾁｮｳｵｵﾉ,佐賀県,唐津市,相知町大野,0,0,0,0,0,0
41202,84932,8493215,ｻｶﾞｹﾝ,ｶﾗﾂｼ,ｵｳﾁﾁｮｳｸｽ,佐賀県,唐津市,相知町楠,0,0,0,0,0,0
41202,84932,8493232,ｻｶﾞｹﾝ,ｶﾗﾂｼ,ｵｳﾁﾁｮｳｸﾎﾞ,佐賀県,唐津市,相知町久保,0,0,0,0,0,0
41202,84932,8493222,ｻｶﾞｹﾝ,ｶﾗﾂｼ,ｵｳﾁﾁｮｳｸﾛｲﾜ,佐賀県,唐津市,相知町黒岩,0,0,0,0,0,0
41202,84932,8493233,ｻｶﾞｹﾝ,ｶﾗﾂｼ,ｵｳﾁﾁｮｳｻﾘ,佐賀県,唐津市,相知町佐里,0,0,0,0,0,0
41202,84932,8493211,ｻｶﾞｹﾝ,ｶﾗﾂｼ,ｵｳﾁﾁｮｳｾﾝｿﾞｸ,佐賀県,唐津市,相知町千束,0,0,0,0,0,0
41202,84932,8493214,ｻｶﾞｹﾝ,ｶﾗﾂｼ,ｵｳﾁﾁｮｳﾀｶﾞｼﾗ,佐賀県,唐津市,相知町田頭,0,0,0,0,0,0
41202,84932,8493219,ｻｶﾞｹﾝ,ｶﾗﾂｼ,ｵｳﾁﾁｮｳﾀｶﾄﾘ,佐賀県,唐津市,相知町鷹取,0,0,0,0,0,0
41202,84932,8493216,ｻｶﾞｹﾝ,ｶﾗﾂｼ,ｵｳﾁﾁｮｳﾁｮｳｷﾞﾘ,佐賀県,唐津市,相知町町切,0,0,0,0,0,0
41202,84932,8493217,ｻｶﾞｹﾝ,ｶﾗﾂｼ,ｵｳﾁﾁｮｳﾅｶﾞﾍﾀ,佐賀県,唐津市,相知町長部田,0,0,0,0,0,0
41202,84932,8493218,ｻｶﾞｹﾝ,ｶﾗﾂｼ,ｵｳﾁﾁｮｳﾅｶﾔﾏ,佐賀県,唐津市,相知町中山,0,0,0,0,0,0
41202,84932,8493203,ｻｶﾞｹﾝ,ｶﾗﾂｼ,ｵｳﾁﾁｮｳﾋﾗﾔﾏｶﾐ,佐賀県,唐津市,相知町平山上,0,0,0,0,0,0
41202,84932,8493202,ｻｶﾞｹﾝ,ｶﾗﾂｼ,ｵｳﾁﾁｮｳﾋﾗﾔﾏｼﾓ,佐賀県,唐津市,相知町平山下,0,0,0,0,0,0
41202,84932,8493231,ｻｶﾞｹﾝ,ｶﾗﾂｼ,ｵｳﾁﾁｮｳﾑﾀﾍﾞ,佐賀県,唐津市,相知町牟田部,0,0,0,0,0,0
41202,84932,8493224,ｻｶﾞｹﾝ,ｶﾗﾂｼ,ｵｳﾁﾁｮｳﾔﾏｻｷ,佐賀県,唐津市,相知町山崎,0,0,0,0,0,0
41202,84932,8493213,ｻｶﾞｹﾝ,ｶﾗﾂｼ,ｵｳﾁﾁｮｳﾕﾔ,佐賀県,唐津市,相知町湯屋,0,0,0,0,0,0
41202,84932,8493212,ｻｶﾞｹﾝ,ｶﾗﾂｼ,ｵｳﾁﾁｮｳﾖｺﾏｸﾗ,佐賀県,唐津市,相知町横枕,0,0,0,0,0,0
41202,84931,8493101,ｻｶﾞｹﾝ,ｶﾗﾂｼ,ｷｭｳﾗｷﾞﾏﾁｱﾏｶﾞﾜ,佐賀県,唐津市,厳木町天川,0,0,0,0,0,0
41202,84931,8493123,ｻｶﾞｹﾝ,ｶﾗﾂｼ,ｷｭｳﾗｷﾞﾏﾁｲﾜﾔ,佐賀県,唐津市,厳木町岩屋,0,0,0,0,0,0
41202,84931,8493132,ｻｶﾞｹﾝ,ｶﾗﾂｼ,ｷｭｳﾗｷﾞﾏﾁｳﾂﾎﾞｷ,佐賀県,唐津市,厳木町うつぼ木,0,0,0,0,0,0
41202,84931,8493114,ｻｶﾞｹﾝ,ｶﾗﾂｼ,ｷｭｳﾗｷﾞﾏﾁｳﾗｶﾞﾜﾁ,佐賀県,唐津市,厳木町浦川内,0,0,0,0,0,0
41202,84931,8493131,ｻｶﾞｹﾝ,ｶﾗﾂｼ,ｷｭｳﾗｷﾞﾏﾁｷｭｳﾗｷﾞ,佐賀県,唐津市,厳木町厳木,0,0,0,0,0,0
41202,84931,8493121,ｻｶﾞｹﾝ,ｶﾗﾂｼ,ｷｭｳﾗｷﾞﾏﾁｾﾄｺﾊﾞ,佐賀県,唐津市,厳木町瀬戸木場,0,0,0,0,0,0
41202,84931,8493102,ｻｶﾞｹﾝ,ｶﾗﾂｼ,ｷｭｳﾗｷﾞﾏﾁﾄﾘｺﾞｴ,佐賀県,唐津市,厳木町鳥越,0,0,0,0,0,0
41202,84931,8493112,ｻｶﾞｹﾝ,ｶﾗﾂｼ,ｷｭｳﾗｷﾞﾏﾁﾅｶｼﾏ,佐賀県,唐津市,厳木町中島,0,0,0,0,0,0
41202,84931,8493122,ｻｶﾞｹﾝ,ｶﾗﾂｼ,ｷｭｳﾗｷﾞﾏﾁﾅﾐｾ,佐賀県,唐津市,厳木町浪瀬,0,0,0,0,0,0
41202,84931,8493115,ｻｶﾞｹﾝ,ｶﾗﾂｼ,ｷｭｳﾗｷﾞﾏﾁﾋﾗﾉ,佐賀県,唐津市,厳木町平之,0,0,0,0,0,0
41202,84931,8493103,ｻｶﾞｹﾝ,ｶﾗﾂｼ,ｷｭｳﾗｷﾞﾏﾁﾋﾛｶﾜ,佐賀県,唐津市,厳木町広川,0,0,0,0,0,0
41202,84931,8493111,ｻｶﾞｹﾝ,ｶﾗﾂｼ,ｷｭｳﾗｷﾞﾏﾁﾋﾛｾ,佐賀県,唐津市,厳木町広瀬,0,0,0,0,0,0
41202,84931,8493104,ｻｶﾞｹﾝ,ｶﾗﾂｼ,ｷｭｳﾗｷﾞﾏﾁﾎｼﾘｮｳ,佐賀県,唐津市,厳木町星領,0,0,0,0,0,0
41202,84931,8493113,ｻｶﾞｹﾝ,ｶﾗﾂｼ,ｷｭｳﾗｷﾞﾏﾁﾏｷｾ,佐賀県,唐津市,厳木町牧瀬,0,0,0,0,0,0
41202,84931,8493133,ｻｶﾞｹﾝ,ｶﾗﾂｼ,ｷｭｳﾗｷﾞﾏﾁﾓﾄﾔﾏ,佐賀県,唐津市,厳木町本山,0,0,0,0,0,0
41202,84951,8495103,ｻｶﾞｹﾝ,ｶﾗﾂｼ,ﾊﾏﾀﾏﾏﾁｵｵｴ,佐賀県,唐津市,浜玉町大江,0,0,0,0,0,0
41202,84951,8495101,ｻｶﾞｹﾝ,ｶﾗﾂｼ,ﾊﾏﾀﾏﾏﾁｵｶｸﾞﾁ,佐賀県,唐津市,浜玉町岡口,0,0,0,0,0,0
41202,84951,8495102,ｻｶﾞｹﾝ,ｶﾗﾂｼ,ﾊﾏﾀﾏﾏﾁｺﾞﾀﾝﾀﾞ,佐賀県,唐津市,浜玉町五反田,0,0,0,0,0,0
41202,84951,8495105,ｻｶﾞｹﾝ,ｶﾗﾂｼ,ﾊﾏﾀﾏﾏﾁﾀﾆｸﾞﾁ,佐賀県,唐津市,浜玉町谷口,0,0,0,0,0,0
41202,84951,8495113,ｻｶﾞｹﾝ,ｶﾗﾂｼ,ﾊﾏﾀﾏﾏﾁﾄﾘｽ,佐賀県,唐津市,浜玉町鳥巣,0,0,0,0,0,0
41202,84951,8495131,ｻｶﾞｹﾝ,ｶﾗﾂｼ,ﾊﾏﾀﾏﾏﾁﾊﾏｻｷ,佐賀県,唐津市,浜玉町浜崎,0,0,0,0,0,0
41202,84951,8495123,ｻｶﾞｹﾝ,ｶﾗﾂｼ,ﾊﾏﾀﾏﾏﾁﾋｶﾞｼﾔﾏﾀﾞ,佐賀県,唐津市,浜玉町東山田,0,0,0,0,0,0
41202,84951,8495112,ｻｶﾞｹﾝ,ｶﾗﾂｼ,ﾊﾏﾀﾏﾏﾁﾋﾗﾊﾞﾙ,佐賀県,唐津市,浜玉町平原,0,0,0,0,0,0
41202,84951,8495104,ｻｶﾞｹﾝ,ｶﾗﾂｼ,ﾊﾏﾀﾏﾏﾁﾌﾁﾉｳｴ,佐賀県,唐津市,浜玉町渕上,0,0,0,0,0,0
41202,84951,8495111,ｻｶﾞｹﾝ,ｶﾗﾂｼ,ﾊﾏﾀﾏﾏﾁﾐﾅﾐﾔﾏ,佐賀県,唐津市,浜玉町南山,0,0,0,0,0,0
41202,84951,8495124,ｻｶﾞｹﾝ,ｶﾗﾂｼ,ﾊﾏﾀﾏﾏﾁﾔﾏｾ,佐賀県,唐津市,浜玉町山瀬,0,0,0,0,0,0
41202,84951,8495121,ｻｶﾞｹﾝ,ｶﾗﾂｼ,ﾊﾏﾀﾏﾏﾁﾖｺﾀｶﾐ,佐賀県,唐津市,浜玉町横田上,0,0,0,0,0,0
41202,84951,8495122,ｻｶﾞｹﾝ,ｶﾗﾂｼ,ﾊﾏﾀﾏﾏﾁﾖｺﾀｼﾓ,佐賀県,唐津市,浜玉町横田下,0,0,0,0,0,0
41205,84952,8495251,ｻｶﾞｹﾝ,ｲﾏﾘｼ,ｵｵｶﾜﾁｮｳｵｵｶﾜﾉ,佐賀県,伊万里市,大川町大川野,0,0,0,0,0,0
41205,84952,8495257,ｻｶﾞｹﾝ,ｲﾏﾘｼ,ｵｵｶﾜﾁｮｳｶﾜﾊﾞﾙ,佐賀県,伊万里市,大川町川原,0,0,0,0,0,0
41205,84952,8495252,ｻｶﾞｹﾝ,ｲﾏﾘｼ,ｵｵｶﾜﾁｮｳｶﾜﾆｼ,佐賀県,伊万里市,大川町川西,0,0,0,0,0,0
41205,84952,8495253,ｻｶﾞｹﾝ,ｲﾏﾘｼ,ｵｵｶﾜﾁｮｳｺﾏﾅｷ,佐賀県,伊万里市,大川町駒鳴,0,0,0,0,0,0
41205,84952,8495254,ｻｶﾞｹﾝ,ｲﾏﾘｼ,ｵｵｶﾜﾁｮｳﾀﾂｶﾞﾜ,佐賀県,伊万里市,大川町立川,0,0,0,0,0,0
41205,84952,8495256,ｻｶﾞｹﾝ,ｲﾏﾘｼ,ｵｵｶﾜﾁｮｳﾋｶﾞｼﾀｼﾛ,佐賀県,伊万里市,大川町東田代,0,0,0,0,0,0
41205,84952,8495255,ｻｶﾞｹﾝ,ｲﾏﾘｼ,ｵｵｶﾜﾁｮｳﾔﾏｸﾞﾁ,佐賀県,伊万里市,大川町山口,0,0,0,0,0,0
41205,84942,8494284,ｻｶﾞｹﾝ,ｲﾏﾘｼ,ﾋｶﾞｼﾔﾏｼﾛﾁｮｳｳﾗｶﾞﾜﾁ,佐賀県,伊万里市,東山代町浦川内,0,0,0,0,0,0
41205,84942,8494281,ｻｶﾞｹﾝ,ｲﾏﾘｼ,ﾋｶﾞｼﾔﾏｼﾛﾁｮｳｵｵｸﾎﾞ,佐賀県,伊万里市,東山代町大久保,0,0,0,0,0,0
41205,84942,8494286,ｻｶﾞｹﾝ,ｲﾏﾘｼ,ﾋｶﾞｼﾔﾏｼﾛﾁｮｳｶﾜﾁﾉ,佐賀県,伊万里市,東山代町川内野,0,0,0,0,0,0
41205,84942,8494282,ｻｶﾞｹﾝ,ｲﾏﾘｼ,ﾋｶﾞｼﾔﾏｼﾛﾁｮｳｻﾄ,佐賀県,伊万里市,東山代町里,0,0,0,0,0,0
41205,84942,8494285,ｻｶﾞｹﾝ,ｲﾏﾘｼ,ﾋｶﾞｼﾔﾏｼﾛﾁｮｳﾀｷｶﾞﾜﾁ,佐賀県,伊万里市,東山代町滝川内,0,0,0,0,0,0
41205,84942,8494273,ｻｶﾞｹﾝ,ｲﾏﾘｼ,ﾋｶﾞｼﾔﾏｼﾛﾁｮｳﾃﾝｼﾞﾝ,佐賀県,伊万里市,東山代町天神,0,0,0,0,0,0
41205,84942,8494271,ｻｶﾞｹﾝ,ｲﾏﾘｼ,ﾋｶﾞｼﾔﾏｼﾛﾁｮｳﾅｶﾞﾊﾏ,佐賀県,伊万里市,東山代町長浜,0,0,0,0,0,0
41205,84942,8494272,ｻｶﾞｹﾝ,ｲﾏﾘｼ,ﾋｶﾞｼﾔﾏｼﾛﾁｮｳﾋｵ,佐賀県,伊万里市,東山代町日尾,0,0,0,0,0,0
41205,84942,8494283,ｻｶﾞｹﾝ,ｲﾏﾘｼ,ﾋｶﾞｼﾔﾏｼﾛﾁｮｳﾋｶﾞｼｵｵｸﾎﾞ,佐賀県,伊万里市,東山代町東大久保,0,0,0,0,0,0
41205,84942,8494274,ｻｶﾞｹﾝ,ｲﾏﾘｼ,ﾋｶﾞｼﾔﾏｼﾛﾁｮｳﾜｷﾉ,佐賀県,伊万里市,東山代町脇野,0,0,0,0,0,0
41205,84952,8495264,ｻｶﾞｹﾝ,ｲﾏﾘｼ,ﾏﾂｳﾗﾁｮｳｻｹﾞﾉｶﾜ,佐賀県,伊万里市,松浦町提川,0,0,0,0,0,0
41205,84952,8495262,ｻｶﾞｹﾝ,ｲﾏﾘｼ,ﾏﾂｳﾗﾁｮｳﾅｶﾉﾊﾗ,佐賀県,伊万里市,松浦町中野原,0,0,0,0,0,0
41205,84952,8495261,ｻｶﾞｹﾝ,ｲﾏﾘｼ,ﾏﾂｳﾗﾁｮｳﾓﾓﾉｶﾜ,佐賀県,伊万里市,松浦町桃川,0,0,0,0,0,0
41205,84952,8495263,ｻｶﾞｹﾝ,ｲﾏﾘｼ,ﾏﾂｳﾗﾁｮｳﾔﾏｶﾞﾀ,佐賀県,伊万里市,松浦町山形,0,0,0,0,0,0
41205,84942,8494251,ｻｶﾞｹﾝ,ｲﾏﾘｼ,ﾔﾏｼﾛﾁｮｳｸｽｸ,佐賀県,伊万里市,山代町楠久,0,0,0,0,0,0
41205,84942,8494252,ｻｶﾞｹﾝ,ｲﾏﾘｼ,ﾔﾏｼﾛﾁｮｳｸｽｸﾂ,佐賀県,伊万里市,山代町楠久津,0,0,0,0,0,0
41205,84942,8494256,ｻｶﾞｹﾝ,ｲﾏﾘｼ,ﾔﾏｼﾛﾁｮｳｸﾊﾞﾗ,佐賀県,伊万里市,山代町久原,0,0,0,0,0,0
41205,84942,8494254,ｻｶﾞｹﾝ,ｲﾏﾘｼ,ﾔﾏｼﾛﾁｮｳｼﾞｮｳ,佐賀県,伊万里市,山代町城,0,0,0,0,0,0
41205,84942,8494261,ｻｶﾞｹﾝ,ｲﾏﾘｼ,ﾔﾏｼﾛﾁｮｳﾀﾁｲﾜ,佐賀県,伊万里市,山代町立岩,0,0,0,0,0,0
41205,84942,8494263,ｻｶﾞｹﾝ,ｲﾏﾘｼ,ﾔﾏｼﾛﾁｮｳﾆｼｵｵｸﾎﾞ,佐賀県,伊万里市,山代町西大久保,0,0,0,0,0,0
41205,84942,8494264,ｻｶﾞｹﾝ,ｲﾏﾘｼ,ﾔﾏｼﾛﾁｮｳﾋｶﾞｼﾌﾞﾝ,佐賀県,伊万里市,山代町東分,0,0,0,0,0,0
41205,84942,8494262,ｻｶﾞｹﾝ,ｲﾏﾘｼ,ﾔﾏｼﾛﾁｮｳﾆｼﾌﾞﾝ,佐賀県,伊万里市,山代町西分,0,0,0,0,0,0
41205,84942,8494255,ｻｶﾞｹﾝ,ｲﾏﾘｼ,ﾔﾏｼﾛﾁｮｳﾌｸｶﾞﾜﾁ,佐賀県,伊万里市,山代町福川内,0,0,0,0,0,0
41205,84942,8494253,ｻｶﾞｹﾝ,ｲﾏﾘｼ,ﾔﾏｼﾛﾁｮｳﾐﾈ,佐賀県,伊万里市,山代町峰,0,0,0,0,0,0
41206,84922,8492203,ｻｶﾞｹﾝ,ﾀｹｵｼ,ｷﾀｶﾞﾀﾁｮｳｱｼﾊﾗ,佐賀県,武雄市,北方町芦原,0,0,0,0,0,0
41206,84922,8492204,ｻｶﾞｹﾝ,ﾀｹｵｼ,ｷﾀｶﾞﾀﾁｮｳｵｵｻｷ,佐賀県,武雄市,北方町大崎,0,0,0,0,0,0
41206,84922,8492202,ｻｶﾞｹﾝ,ﾀｹｵｼ,ｷﾀｶﾞﾀﾁｮｳｵｵﾜﾀﾘ,佐賀県,武雄市,北方町大渡,0,0,0,0,0,0
41206,84922,8492201,ｻｶﾞｹﾝ,ﾀｹｵｼ,ｷﾀｶﾞﾀﾁｮｳｼｸ,佐賀県,武雄市,北方町志久,0,0,0,0,0,0
41206,84923,8492341,ｻｶﾞｹﾝ,ﾀｹｵｼ,ﾀｹｳﾁﾁｮｳｳﾒﾉ,佐賀県,武雄市,武内町梅野,0,0,0,0,0,0
41206,84923,8492342,ｻｶﾞｹﾝ,ﾀｹｵｼ,ﾀｹｳﾁﾁｮｳﾏﾃﾉ,佐賀県,武雄市,武内町真手野,0,0,0,0,0,0
41206,84923,8492301,ｻｶﾞｹﾝ,ﾀｹｵｼ,ﾔﾏｳﾁﾁｮｳｲﾇﾊﾞｼﾘ,佐賀県,武雄市,山内町犬走,0,0,0,0,0,0
41206,84923,8492304,ｻｶﾞｹﾝ,ﾀｹｵｼ,ﾔﾏｳﾁﾁｮｳｵｵﾉ,佐賀県,武雄市,山内町大野,0,0,0,0,0,0
41206,84923,8492302,ｻｶﾞｹﾝ,ﾀｹｵｼ,ﾔﾏｳﾁﾁｮｳﾄﾉﾐ,佐賀県,武雄市,山内町鳥海,0,0,0,0,0,0
41206,84923,8492303,ｻｶﾞｹﾝ,ﾀｹｵｼ,ﾔﾏｳﾁﾁｮｳﾐﾏｻｶ,佐賀県,武雄市,山内町三間坂,0,0,0,0,0,0
41206,84923,8492305,ｻｶﾞｹﾝ,ﾀｹｵｼ,ﾔﾏｳﾁﾁｮｳﾐﾔﾉ,佐賀県,武雄市,山内町宮野,0,0,0,0,0,0
41207,84913,8491300,ｻｶﾞｹﾝ,ｶｼﾏｼ,ｲｶﾆｹｲｻｲｶﾞﾅｲﾊﾞｱｲ,佐賀県,鹿島市,以下に掲載がない場合,0,0,0,0,0,0
41207,84913,8491324,ｻｶﾞｹﾝ,ｶｼﾏｼ,ｲｲﾀﾞ,佐賀県,鹿島市,飯田,0,0,0,0,0,0
41207,84913,8491302,ｻｶﾞｹﾝ,ｶｼﾏｼ,ｲﾃﾞ,佐賀県,鹿島市,井手,0,0,0,0,0,0
41207,84913,8491323,ｻｶﾞｹﾝ,ｶｼﾏｼ,ｵﾄﾅﾘ,佐賀県,鹿島市,音成,0,0,0,0,0,0
41207,84913,8491313,ｻｶﾞｹﾝ,ｶｼﾏｼ,ｼﾞｭｳﾉｷ,佐賀県,鹿島市,重ノ木,0,0,0,0,0,0
41207,84913,8491311,ｻｶﾞｹﾝ,ｶｼﾏｼ,ﾀｶﾂﾊﾗ,佐賀県,鹿島市,高津原,0,0,0,0,0,0
41207,84913,8491301,ｻｶﾞｹﾝ,ｶｼﾏｼ,ﾂﾈﾋﾛ,佐賀県,鹿島市,常広,0,0,0,0,0,0
41207,84913,8491304,ｻｶﾞｹﾝ,ｶｼﾏｼ,ﾅｶﾑﾗ,佐賀県,鹿島市,中村,0,0,0,0,0,0
41207,84913,8491312,ｻｶﾞｹﾝ,ｶｼﾏｼ,ﾉｳﾄﾞﾐﾌﾞﾝ,佐賀県,鹿島市,納富分,0,0,0,0,0,0
41207,84913,8491322,ｻｶﾞｹﾝ,ｶｼﾏｼ,ﾊﾏﾏﾁ,佐賀県,鹿島市,浜町,0,0,0,0,0,0
41207,84913,8491321,ｻｶﾞｹﾝ,ｶｼﾏｼ,ﾌﾙｴﾀﾞ,佐賀県,鹿島市,古枝,0,0,0,0,0,0
41207,84913,8491315,ｻｶﾞｹﾝ,ｶｼﾏｼ,ﾐｶﾜﾁ,佐賀県,鹿島市,三河内,0,0,0,0,0,0
41207,84913,8491303,ｻｶﾞｹﾝ,ｶｼﾏｼ,ﾓﾘ,佐賀県,鹿島市,森,0,0,0,0,0,0
41207,84913,8491314,ｻｶﾞｹﾝ,ｶｼﾏｼ,ﾔﾏｳﾗ,佐賀県,鹿島市,山浦,0,0,0,0,0,0
41208,84903,8490311,ｻｶﾞｹﾝ,ｵｷﾞｼ,ｱｼｶﾘﾁｮｳｱｼﾐｿﾞ,佐賀県,小城市,芦刈町芦溝,0,0,0,0,0,0
41208,84903,8490312,ｻｶﾞｹﾝ,ｵｷﾞｼ,ｱｼｶﾘﾁｮｳｼﾓｺｶﾞ,佐賀県,小城市,芦刈町下古賀,0,0,0,0,0,0
41208,84903,8490316,ｻｶﾞｹﾝ,ｵｷﾞｼ,ｱｼｶﾘﾁｮｳﾄﾞｳﾒ,佐賀県,小城市,芦刈町道免,0,0,0,0,0,0
41208,84903,8490313,ｻｶﾞｹﾝ,ｵｷﾞｼ,ｱｼｶﾘﾁｮｳﾅｶﾞﾀ,佐賀県,小城市,芦刈町永田,0,0,0,0,0,0
41208,84903,8490315,ｻｶﾞｹﾝ,ｵｷﾞｼ,ｱｼｶﾘﾁｮｳﾊﾏｴﾀﾞｶﾞﾜ,佐賀県,小城市,芦刈町浜枝川,0,0,0,0,0,0
41208,84903,8490314,ｻｶﾞｹﾝ,ｵｷﾞｼ,ｱｼｶﾘﾁｮｳﾐｵｳｻﾞｷ,佐賀県,小城市,芦刈町三王崎,0,0,0,0,0,0
41208,84903,8490303,ｻｶﾞｹﾝ,ｵｷﾞｼ,ｳｼﾂﾞﾁｮｳｳｼﾂﾞ,佐賀県,小城市,牛津町牛津,0,0,0,0,0,0
41208,84903,8490301,ｻｶﾞｹﾝ,ｵｷﾞｼ,ｳｼﾂﾞﾁｮｳｵﾄﾔﾅｷﾞ,佐賀県,小城市,牛津町乙柳,0,0,0,0,0,0
41208,84903,8490302,ｻｶﾞｹﾝ,ｵｷﾞｼ,ｳｼﾂﾞﾁｮｳｶｷﾋｾ,佐賀県,小城市,牛津町柿樋瀬,0,0,0,0,0,0
41208,84903,8490306,ｻｶﾞｹﾝ,ｵｷﾞｼ,ｳｼﾂﾞﾁｮｳｶﾂ,佐賀県,小城市,牛津町勝,0,0,0,0,0,0
41208,84903,8490305,ｻｶﾞｹﾝ,ｵｷﾞｼ,ｳｼﾂﾞﾁｮｳｶﾐﾄｶﾞﾜ,佐賀県,小城市,牛津町上砥川,0,0,0,0,0,0
41208,84903,8490304,ｻｶﾞｹﾝ,ｵｷﾞｼ,ｳｼﾂﾞﾁｮｳｼﾓﾄｶﾞﾜ,佐賀県,小城市,牛津町下砥川,0,0,0,0,0,0
41209,84914,8491416,ｻｶﾞｹﾝ,ｳﾚｼﾉｼ,ｼｵﾀﾁｮｳｵｵｸｻﾉｵﾂ,佐賀県,嬉野市,塩田町大草野乙,0,0,0,0,0,0
41209,84914,8491414,ｻｶﾞｹﾝ,ｳﾚｼﾉｼ,ｼｵﾀﾁｮｳｵｵｸｻﾉｺｳ,佐賀県,嬉野市,塩田町大草野甲,0,0,0,0,0,0
41209,84914,8491415,ｻｶﾞｹﾝ,ｳﾚｼﾉｼ,ｼｵﾀﾁｮｳｵｵｸｻﾉﾍｲ,佐賀県,嬉野市,塩田町大草野丙,0,0,0,0,0,0
41209,84914,8491402,ｻｶﾞｹﾝ,ｳﾚｼﾉｼ,ｼｵﾀﾁｮｳｸﾏｵﾂ,佐賀県,嬉野市,塩田町久間乙,0,0,0,0,0,0
41209,84914,8491401,ｻｶﾞｹﾝ,ｳﾚｼﾉｼ,ｼｵﾀﾁｮｳｸﾏｺｳ,佐賀県,嬉野市,塩田町久間甲,0,0,0,0,0,0
41209,84914,8491404,ｻｶﾞｹﾝ,ｳﾚｼﾉｼ,ｼｵﾀﾁｮｳｸﾏﾃｲ,佐賀県,嬉野市,塩田町久間丁,0,0,0,0,0,0
41209,84914,8491403,ｻｶﾞｹﾝ,ｳﾚｼﾉｼ,ｼｵﾀﾁｮｳｸﾏﾍｲ,佐賀県,嬉野市,塩田町久間丙,0,0,0,0,0,0
41209,84914,8491426,ｻｶﾞｹﾝ,ｳﾚｼﾉｼ,ｼｵﾀﾁｮｳｺﾞﾁｮｳﾀﾞｵﾂ,佐賀県,嬉野市,塩田町五町田乙,0,0,0,0,0,0
41209,84914,8491425,ｻｶﾞｹﾝ,ｳﾚｼﾉｼ,ｼｵﾀﾁｮｳｺﾞﾁｮｳﾀﾞｺｳ,佐賀県,嬉野市,塩田町五町田甲,0,0,0,0,0,0
41209,84914,8491423,ｻｶﾞｹﾝ,ｳﾚｼﾉｼ,ｼｵﾀﾁｮｳﾀﾆﾄﾞｺﾛｵﾂ,佐賀県,嬉野市,塩田町谷所乙,0,0,0,0,0,0
41209,84914,8491422,ｻｶﾞｹﾝ,ｳﾚｼﾉｼ,ｼｵﾀﾁｮｳﾀﾆﾄﾞｺﾛｺｳ,佐賀県,嬉野市,塩田町谷所甲,0,0,0,0,0,0
41209,84914,8491424,ｻｶﾞｹﾝ,ｳﾚｼﾉｼ,ｼｵﾀﾁｮｳﾀﾆﾄﾞｺﾛﾍｲ,佐賀県,嬉野市,塩田町谷所丙,0,0,0,0,0,0
41209,84914,8491412,ｻｶﾞｹﾝ,ｳﾚｼﾉｼ,ｼｵﾀﾁｮｳﾊﾞﾊﾞｼﾀｵﾂ,佐賀県,嬉野市,塩田町馬場下乙,0,0,0,0,0,0
41209,84914,8491411,ｻｶﾞｹﾝ,ｳﾚｼﾉｼ,ｼｵﾀﾁｮｳﾊﾞﾊﾞｼﾀｺｳ,佐賀県,嬉野市,塩田町馬場下甲,0,0,0,0,0,0
41209,84914,8491413,ｻｶﾞｹﾝ,ｳﾚｼﾉｼ,ｼｵﾀﾁｮｳﾊﾞﾊﾞｼﾀﾍｲ,佐賀県,嬉野市,塩田町馬場下丙,0,0,0,0,0,0
41209,84914,8491421,ｻｶﾞｹﾝ,ｳﾚｼﾉｼ,ｼｵﾀﾁｮｳﾏﾂｻｷ,佐賀県,嬉野市,塩田町真崎,0,0,0,0,0,0
41345,84901,8490100,ｻｶﾞｹﾝ,ﾐﾔｷｸﾞﾝｶﾐﾐﾈﾁｮｳ,ｲｶﾆｹｲｻｲｶﾞﾅｲﾊﾞｱｲ,佐賀県,三養基郡上峰町,以下に掲載がない場合,0,0,0,1,0,0
41345,84901,8490121,ｻｶﾞｹﾝ,ﾐﾔｷｸﾞﾝｶﾐﾐﾈﾁｮｳ,ｴﾑｶｲ,佐賀県,三養基郡上峰町,江迎,0,0,0,0,0,0
41345,84901,8490124,ｻｶﾞｹﾝ,ﾐﾔｷｸﾞﾝｶﾐﾐﾈﾁｮｳ,ﾂﾂﾐ,佐賀県,三養基郡上峰町,堤,0,0,0,0,0,0
41345,84901,8490123,ｻｶﾞｹﾝ,ﾐﾔｷｸﾞﾝｶﾐﾐﾈﾁｮｳ,ﾎﾞｳｼﾞｮ,佐賀県,三養基郡上峰町,坊所,0,0,0,0,0,0
41345,84901,8490122,ｻｶﾞｹﾝ,ﾐﾔｷｸﾞﾝｶﾐﾐﾈﾁｮｳ,ﾏｴﾑﾀ,佐賀県,三養基郡上峰町,前牟田,0,0,0,0,0,0
41346,84901,8490100,ｻｶﾞｹﾝ,ﾐﾔｷｸﾞﾝﾐﾔｷﾁｮｳ,ｲｶﾆｹｲｻｲｶﾞﾅｲﾊﾞｱｲ,佐賀県,三養基郡みやき町,以下に掲載がない場合,0,0,0,1,0,0
41346,84901,8490112,ｻｶﾞｹﾝ,ﾐﾔｷｸﾞﾝﾐﾔｷﾁｮｳ,ｴｸﾞﾁ,佐賀県,三養基郡みやき町,江口,0,0,0,0,0,0
41346,84901,8490111,ｻｶﾞｹﾝ,ﾐﾔｷｸﾞﾝﾐﾔｷﾁｮｳ,ｼﾗｶﾍﾞ,佐賀県,三養基郡みやき町,白壁,0,0,0,0,0,0
41346,84901,8490114,ｻｶﾞｹﾝ,ﾐﾔｷｸﾞﾝﾐﾔｷﾁｮｳ,ﾅｶﾂｸﾏ,佐賀県,三養基郡みやき町,中津隈,0,0,0,0,0,0
41346,84901,8490101,ｻｶﾞｹﾝ,ﾐﾔｷｸﾞﾝﾐﾔｷﾁｮｳ,ﾊﾙｺｶﾞ,佐賀県,三養基郡みやき町,原古賀,0,0,0,0,0,0
41346,84901,8490113,ｻｶﾞｹﾝ,ﾐﾔｷｸﾞﾝﾐﾔｷﾁｮｳ,ﾋｶﾞｼｵ,佐賀県,三養基郡みやき町,東尾,0,0,0,0,0,0
41346,84901,8490102,ｻｶﾞｹﾝ,ﾐﾔｷｸﾞﾝﾐﾔｷﾁｮｳ,ﾐﾉﾊﾞﾙ,佐賀県,三養基郡みやき町,簑原,0,0,0,0,0,0
41401,84941,8494154,ｻｶﾞｹﾝ,ﾆｼﾏﾂｳﾗｸﾞﾝｱﾘﾀﾁｮｳ,ｵｵｷﾞｼｭｸ,佐賀県,西松浦郡有田町,大木宿,0,0,0,0,0,0
41401,84941,8494162,ｻｶﾞｹﾝ,ﾆｼﾏﾂｳﾗｸﾞﾝｱﾘﾀﾁｮｳ,ｶﾐｳﾁﾉ,佐賀県,西松浦郡有田町,上内野,0,0,0,0,0,0
41401,84941,8494174,ｻｶﾞｹﾝ,ﾆｼﾏﾂｳﾗｸﾞﾝｱﾘﾀﾁｮｳ,ｶﾐﾎﾝ,佐賀県,西松浦郡有田町,上本,0,0,0,0,0,0
41401,84941,8494144,ｻｶﾞｹﾝ,ﾆｼﾏﾂｳﾗｸﾞﾝｱﾘﾀﾁｮｳ,ｶﾐﾔﾏﾀﾞﾆ,佐賀県,西松浦郡有田町,上山谷,0,0,0,0,0,0
41401,84941,8494166,ｻｶﾞｹﾝ,ﾆｼﾏﾂｳﾗｸﾞﾝｱﾘﾀﾁｮｳ,ｷﾀﾉｶﾜﾁ,佐賀県,西松浦郡有田町,北ノ川内,0,0,0,0,0,0
41401,84941,8494175,ｻｶﾞｹﾝ,ﾆｼﾏﾂｳﾗｸﾞﾝｱﾘﾀﾁｮｳ,ｸｽﾉｷﾊﾞﾙ,佐賀県,西松浦郡有田町,楠木原,0,0,0,0,0,0
41401,84941,8494165,ｻｶﾞｹﾝ,ﾆｼﾏﾂｳﾗｸﾞﾝｱﾘﾀﾁｮｳ,ｸﾛｺﾞｳ,佐賀県,西松浦郡有田町,黒川,0,0,0,0,0,0
41401,84941,8494156,ｻｶﾞｹﾝ,ﾆｼﾏﾂｳﾗｸﾞﾝｱﾘﾀﾁｮｳ,ｸﾜﾉｷﾊﾞﾙ,佐賀県,西松浦郡有田町,桑木原,0,0,0,0,0,0
41401,84941,8494163,ｻｶﾞｹﾝ,ﾆｼﾏﾂｳﾗｸﾞﾝｱﾘﾀﾁｮｳ,ｼﾓｳﾁﾉ,佐賀県,西松浦郡有田町,下内野,0,0,0,0,0,0
41401,84941,8494172,ｻｶﾞｹﾝ,ﾆｼﾏﾂｳﾗｸﾞﾝｱﾘﾀﾁｮｳ,ｼﾓﾎﾝ,佐賀県,西松浦郡有田町,下本,0,0,0,0,0,0
41401,84941,8494143,ｻｶﾞｹﾝ,ﾆｼﾏﾂｳﾗｸﾞﾝｱﾘﾀﾁｮｳ,ｼﾓﾔﾏﾀﾞﾆ,佐賀県,西松浦郡有田町,下山谷,0,0,0,0,0,0
41401,84941,8494161,ｻｶﾞｹﾝ,ﾆｼﾏﾂｳﾗｸﾞﾝｱﾘﾀﾁｮｳ,ｿﾞｳｼｭｸ,佐賀県,西松浦郡有田町,蔵宿,0,0,0,0,0,0
41401,84941,8494146,ｻｶﾞｹﾝ,ﾆｼﾏﾂｳﾗｸﾞﾝｱﾘﾀﾁｮｳ,ﾀｹ,佐賀県,西松浦郡有田町,岳,0,0,0,0,0,0
41401,84941,8494153,ｻｶﾞｹﾝ,ﾆｼﾏﾂｳﾗｸﾞﾝｱﾘﾀﾁｮｳ,ﾀﾁﾍﾞ,佐賀県,西松浦郡有田町,立部,0,0,0,0,0,0
41401,84941,8494141,ｻｶﾞｹﾝ,ﾆｼﾏﾂｳﾗｸﾞﾝｱﾘﾀﾁｮｳ,ﾆﾉｾ,佐賀県,西松浦郡有田町,二ノ瀬,0,0,0,0,0,0
41401,84941,8494176,ｻｶﾞｹﾝ,ﾆｼﾏﾂｳﾗｸﾞﾝｱﾘﾀﾁｮｳ,ﾊﾗｱｹ,佐賀県,西松浦郡有田町,原明,0,0,0,0,0,0
41401,84941,8494152,ｻｶﾞｹﾝ,ﾆｼﾏﾂｳﾗｸﾞﾝｱﾘﾀﾁｮｳ,ﾋﾛｾ,佐賀県,西松浦郡有田町,広瀬,0,0,0,0,0,0
41401,84941,8494151,ｻｶﾞｹﾝ,ﾆｼﾏﾂｳﾗｸﾞﾝｱﾘﾀﾁｮｳ,ﾋﾛｾﾔﾏ,佐賀県,西松浦郡有田町,広瀬山,0,0,0,0,0,0
41401,84941,8494164,ｻｶﾞｹﾝ,ﾆｼﾏﾂｳﾗｸﾞﾝｱﾘﾀﾁｮｳ,ﾎﾄｹﾉﾊﾗ,佐賀県,西松浦郡有田町,仏ノ原,0,0,0,0,0,0
41401,84941,8494173,ｻｶﾞｹﾝ,ﾆｼﾏﾂｳﾗｸﾞﾝｱﾘﾀﾁｮｳ,ﾏｲﾊﾞﾙ,佐賀県,西松浦郡有田町,舞原,0,0,0,0,0,0
41401,84941,8494145,ｻｶﾞｹﾝ,ﾆｼﾏﾂｳﾗｸﾞﾝｱﾘﾀﾁｮｳ,ﾔﾏﾀﾞﾆｷﾘｸﾞﾁ,佐賀県,西松浦郡有田町,山谷切口,0,0,0,0,0,0
41401,84941,8494142,ｻｶﾞｹﾝ,ﾆｼﾏﾂｳﾗｸﾞﾝｱﾘﾀﾁｮｳ,ﾔﾏﾀﾞﾆﾏｷ,佐賀県,西松浦郡有田町,山谷牧,0,0,0,0,0,0
41401,84941,8494155,ｻｶﾞｹﾝ,ﾆｼﾏﾂｳﾗｸﾞﾝｱﾘﾀﾁｮｳ,ﾔﾏﾓﾄ,佐賀県,西松浦郡有田町,山本,0,0,0,0,0,0
41401,84941,8494171,ｻｶﾞｹﾝ,ﾆｼﾏﾂｳﾗｸﾞﾝｱﾘﾀﾁｮｳ,ﾖﾖｷﾞ,佐賀県,西松浦郡有田町,代々木,0,0,0,0,0,0
41423,84921,8492100,ｻｶﾞｹﾝ,ｷｼﾏｸﾞﾝｵｵﾏﾁﾁｮｳ,ｲｶﾆｹｲｻｲｶﾞﾅｲﾊﾞｱｲ,佐賀県,杵島郡大町町,以下に掲載がない場合,0,0,0,0,0,0
41423,84921,8492101,ｻｶﾞｹﾝ,ｷｼﾏｸﾞﾝｵｵﾏﾁﾁｮｳ,ｵｵﾏﾁ,佐賀県,杵島郡大町町,大町,0,0,0,0,0,0
41423,84921,8492102,ｻｶﾞｹﾝ,ｷｼﾏｸﾞﾝｵｵﾏﾁﾁｮｳ,ﾌｸﾓ,佐賀県,杵島郡大町町,福母,0,0,0,0,0,0
41424,84905,8490500,ｻｶﾞｹﾝ,ｷｼﾏｸﾞﾝｺｳﾎｸﾏﾁ,ｲｶﾆｹｲｻｲｶﾞﾅｲﾊﾞｱｲ,佐賀県,杵島郡江北町,以下に掲載がない場合,0,0,0,0,0,0
41424,84905,8490506,ｻｶﾞｹﾝ,ｷｼﾏｸﾞﾝｺｳﾎｸﾏﾁ,ｶﾐｵﾀﾞ,佐賀県,杵島郡江北町,上小田,0,0,0,0,0,0
41424,84905,8490502,ｻｶﾞｹﾝ,ｷｼﾏｸﾞﾝｺｳﾎｸﾏﾁ,ｻﾙｼ,佐賀県,杵島郡江北町,佐留志,0,0,0,0,0,0
41424,84905,8490505,ｻｶﾞｹﾝ,ｷｼﾏｸﾞﾝｺｳﾎｸﾏﾁ,ｼﾓｵﾀﾞ,佐賀県,杵島郡江北町,下小田,0,0,0,0,0,0
41424,84905,8490503,ｻｶﾞｹﾝ,ｷｼﾏｸﾞﾝｺｳﾎｸﾏﾁ,ｿｳﾘｮｳﾌﾞﾝ,佐賀県,杵島郡江北町,惣領分,0,0,0,0,0,0
41424,84905,8490504,ｻｶﾞｹﾝ,ｷｼﾏｸﾞﾝｺｳﾎｸﾏﾁ,ﾊｯﾁｮｳ,佐賀県,杵島郡江北町,八町,0,0,0,0,0,0
41424,84905,8490501,ｻｶﾞｹﾝ,ｷｼﾏｸﾞﾝｺｳﾎｸﾏﾁ,ﾔﾏｸﾞﾁ,佐賀県,杵島郡江北町,山口,0,0,0,0,0,0
41425,84911,8491100,ｻｶﾞｹﾝ,ｷｼﾏｸﾞﾝｼﾛｲｼﾁｮｳ,ｲｶﾆｹｲｻｲｶﾞﾅｲﾊﾞｱｲ,佐賀県,杵島郡白石町,以下に掲載がない場合,0,0,0,0,0,0
41425,84911,8491101,ｻｶﾞｹﾝ,ｷｼﾏｸﾞﾝｼﾛｲｼﾁｮｳ,ｲﾏｲｽﾞﾐ,佐賀県,杵島郡白石町,今泉,0,0,0,0,0,0
41425,84912,8491201,ｻｶﾞｹﾝ,ｷｼﾏｸﾞﾝｼﾛｲｼﾁｮｳ,ｳｼﾔ,佐賀県,杵島郡白石町,牛屋,0,0,0,0,0,0
41425,84911,8491102,ｻｶﾞｹﾝ,ｷｼﾏｸﾞﾝｼﾛｲｼﾁｮｳ,ｵｵﾜﾀﾘ,佐賀県,杵島郡白石町,大渡,0,0,0,0,0,0
41425,84912,8491204,ｻｶﾞｹﾝ,ｷｼﾏｸﾞﾝｼﾛｲｼﾁｮｳ,ｻｶﾀ,佐賀県,杵島郡白石町,坂田,0,0,0,0,0,0
41425,84912,8491208,ｻｶﾞｹﾝ,ｷｼﾏｸﾞﾝｼﾛｲｼﾁｮｳ,ｼﾝｶｲ,佐賀県,杵島郡白石町,新開,0,0,0,0,0,0
41425,84912,8491221,ｻｶﾞｹﾝ,ｷｼﾏｸﾞﾝｼﾛｲｼﾁｮｳ,ｼﾝﾀｸ,佐賀県,杵島郡白石町,新拓,0,0,0,0,0,0
41425,84912,8491202,ｻｶﾞｹﾝ,ｷｼﾏｸﾞﾝｼﾛｲｼﾁｮｳ,ｼﾝﾒｲ,佐賀県,杵島郡白石町,新明,0,0,0,0,0,0
41425,84912,8491205,ｻｶﾞｹﾝ,ｷｼﾏｸﾞﾝｼﾛｲｼﾁｮｳ,ﾀﾉｳｴ,佐賀県,杵島郡白石町,田野上,0,0,0,0,0,0
41425,84911,8491103,ｻｶﾞｹﾝ,ｷｼﾏｸﾞﾝｼﾛｲｼﾁｮｳ,ﾂｲｷﾘ,佐賀県,杵島郡白石町,築切,0,0,0,0,0,0
41425,84911,8491104,ｻｶﾞｹﾝ,ｷｼﾏｸﾞﾝｼﾛｲｼﾁｮｳ,ﾂﾂﾐ,佐賀県,杵島郡白石町,堤,0,0,0,0,0,0
41425,84911,8491105,ｻｶﾞｹﾝ,ｷｼﾏｸﾞﾝｼﾛｲｼﾁｮｳ,ﾄｵﾉｴ,佐賀県,杵島郡白石町,遠江,0,0,0,0,0,0
41425,84912,8491203,ｻｶﾞｹﾝ,ｷｼﾏｸﾞﾝｼﾛｲｼﾁｮｳ,ﾄｶﾞﾘ,佐賀県,杵島郡白石町,戸ケ里,0,0,0,0,0,0
41425,84911,8491106,ｻｶﾞｹﾝ,ｷｼﾏｸﾞﾝｼﾛｲｼﾁｮｳ,ﾊﾀﾁ,佐賀県,杵島郡白石町,廿治,0,0,0,0,0,0
41425,84904,8490403,ｻｶﾞｹﾝ,ｷｼﾏｸﾞﾝｼﾛｲｼﾁｮｳ,ﾊﾁﾍｲ,佐賀県,杵島郡白石町,八平,0,0,0,0,0,0
41425,84911,8491111,ｻｶﾞｹﾝ,ｷｼﾏｸﾞﾝｼﾛｲｼﾁｮｳ,ﾋｶﾞｼｺﾞｳ,佐賀県,杵島郡白石町,東郷,0,0,0,0,0,0
41425,84912,8491207,ｻｶﾞｹﾝ,ｷｼﾏｸﾞﾝｼﾛｲｼﾁｮｳ,ﾌｶｳﾗ,佐賀県,杵島郡白石町,深浦,0,0,0,0,0,0
41425,84911,8491112,ｻｶﾞｹﾝ,ｷｼﾏｸﾞﾝｼﾛｲｼﾁｮｳ,ﾌｸﾀ,佐賀県,杵島郡白石町,福田,0,0,0,0,0,0
41425,84904,8490401,ｻｶﾞｹﾝ,ｷｼﾏｸﾞﾝｼﾛｲｼﾁｮｳ,ﾌｸﾄﾞﾐ,佐賀県,杵島郡白石町,福富,0,0,0,0,0,0
41425,84904,8490402,ｻｶﾞｹﾝ,ｷｼﾏｸﾞﾝｼﾛｲｼﾁｮｳ,ﾌｸﾄﾞﾐｼﾓﾌﾞﾝ,佐賀県,杵島郡白石町,福富下分,0,0,0,0,0,0
41425,84911,8491113,ｻｶﾞｹﾝ,ｷｼﾏｸﾞﾝｼﾛｲｼﾁｮｳ,ﾌｸﾖｼ,佐賀県,杵島郡白石町,福吉,0,0,0,0,0,0
41425,84912,8491206,ｻｶﾞｹﾝ,ｷｼﾏｸﾞﾝｼﾛｲｼﾁｮｳ,ﾍﾀ,佐賀県,杵島郡白石町,辺田,0,0,0,0,0,0
41425,84911,8491114,ｻｶﾞｹﾝ,ｷｼﾏｸﾞﾝｼﾛｲｼﾁｮｳ,ﾓｳﾗｲ,佐賀県,杵島郡白石町,馬洗,0,0,0,0,0,0
41425,84911,8491115,ｻｶﾞｹﾝ,ｷｼﾏｸﾞﾝｼﾛｲｼﾁｮｳ,ﾕｻﾞｷ,佐賀県,杵島郡白石町,湯崎,0,0,0,0,0,0
41425,84911,8491116,ｻｶﾞｹﾝ,ｷｼﾏｸﾞﾝｼﾛｲｼﾁｮｳ,ﾖｺﾃ,佐賀県,杵島郡白石町,横手,0,0,0,0,0,0
41441,84916,8491600,ｻｶﾞｹﾝ,ﾌｼﾞﾂｸﾞﾝﾀﾗﾁｮｳ,ｲｶﾆｹｲｻｲｶﾞﾅｲﾊﾞｱｲ,佐賀県,藤津郡太良町,以下に掲載がない場合,0,0,0,0,0,0
41441,84916,8491603,ｻｶﾞｹﾝ,ﾌｼﾞﾂｸﾞﾝﾀﾗﾁｮｳ,ｲﾄｷ,佐賀県,藤津郡太良町,糸岐,0,0,0,0,0,0
41441,84916,8491601,ｻｶﾞｹﾝ,ﾌｼﾞﾂｸﾞﾝﾀﾗﾁｮｳ,ｲﾌｸｺｳ,佐賀県,藤津郡太良町,伊福甲,0,0,0,0,0,0
41441,84916,8491614,ｻｶﾞｹﾝ,ﾌｼﾞﾂｸﾞﾝﾀﾗﾁｮｳ,ｵｵｳﾗｺｳ,佐賀県,藤津郡太良町,大浦甲,0,0,0,0,0,0
41441,84916,8491615,ｻｶﾞｹﾝ,ﾌｼﾞﾂｸﾞﾝﾀﾗﾁｮｳ,ｵｵｳﾗｵﾂ,佐賀県,藤津郡太良町,大浦乙,0,0,0,0,0,0
41441,84916,8491613,ｻｶﾞｹﾝ,ﾌｼﾞﾂｸﾞﾝﾀﾗﾁｮｳ,ｵｵｳﾗﾍｲ,佐賀県,藤津郡太良町,大浦丙,0,0,0,0,0,0
41441,84916,8491612,ｻｶﾞｹﾝ,ﾌｼﾞﾂｸﾞﾝﾀﾗﾁｮｳ,ｵｵｳﾗﾃｲ,佐賀県,藤津郡太良町,大浦丁,0,0,0,0,0,0
41441,84916,8491611,ｻｶﾞｹﾝ,ﾌｼﾞﾂｸﾞﾝﾀﾗﾁｮｳ,ｵｵｳﾗﾎﾞ,佐賀県,藤津郡太良町,大浦戊,0,0,0,0,0,0
41441,84916,8491616,ｻｶﾞｹﾝ,ﾌｼﾞﾂｸﾞﾝﾀﾗﾁｮｳ,ｵｵｳﾗｷ,佐賀県,藤津郡太良町,大浦己,0,0,0,0,0,0
41441,84916,8491602,ｻｶﾞｹﾝ,ﾌｼﾞﾂｸﾞﾝﾀﾗﾁｮｳ,ﾀﾗ,佐賀県,藤津郡太良町,多良,0,0,0,0,0,0
