22203,"410  ","4100000","シズオカケン","ヌマヅシ","","静岡県","沼津市","",0,0,0,0,0,0
22203,"410  ","4100802","シズオカケン","ヌマヅシ","アゲツチチョウ","静岡県","沼津市","上土町",0,0,0,0,0,0
22203,"410  ","4100852","シズオカケン","ヌマヅシ","アサヒチョウ","静岡県","沼津市","旭町",0,0,0,0,0,0
22203,"410  ","4100001","シズオカケン","ヌマヅシ","アシタカ","静岡県","沼津市","足高",0,1,0,0,0,0
22203,"41003","4100317","シズオカケン","ヌマヅシ","イシカワ","静岡県","沼津市","石川",0,0,0,0,0,0
22203,"410  ","4100045","シズオカケン","ヌマヅシ","イズミチョウ","静岡県","沼津市","泉町",0,0,0,0,0,0
22203,"41034","4103401","シズオカケン","ヌマヅシ","イタ","静岡県","沼津市","井田",0,0,0,0,0,0
22203,"410  ","4100831","シズオカケン","ヌマヅシ","イチバチョウ","静岡県","沼津市","市場町",0,0,0,0,0,0
22203,"410  ","4100866","シズオカケン","ヌマヅシ","イチミチ","静岡県","沼津市","市道",0,0,0,0,0,0
22203,"41003","4100314","シズオカケン","ヌマヅシ","イッポンマツ","静岡県","沼津市","一本松",0,0,0,0,0,0
22203,"41003","4100319","シズオカケン","ヌマヅシ","イデ","静岡県","沼津市","井出",0,0,0,0,0,0
22203,"410  ","4100875","シズオカケン","ヌマヅシ","イマザワ","静岡県","沼津市","今沢",0,0,0,0,0,0
22203,"41003","4100316","シズオカケン","ヌマヅシ","ウエダ","静岡県","沼津市","植田",0,0,0,0,0,0
22203,"410  ","4100892","シズオカケン","ヌマヅシ","ウオチョウ","静岡県","沼津市","魚町",0,0,0,0,0,0
22203,"41002","4100225","シズオカケン","ヌマヅシ","ウチウラオモス","静岡県","沼津市","内浦重須",0,0,0,0,0,0
22203,"41002","4100222","シズオカケン","ヌマヅシ","ウチウラコウミ","静岡県","沼津市","内浦小海",0,0,0,0,0,0
22203,"41002","4100221","シズオカケン","ヌマヅシ","ウチウラシゲデラ","静岡県","沼津市","内浦重寺",0,0,0,0,0,0
22203,"41002","4100224","シズオカケン","ヌマヅシ","ウチウラナガハマ","静岡県","沼津市","内浦長浜",0,0,0,0,0,0
22203,"41002","4100223","シズオカケン","ヌマヅシ","ウチウラミト","静岡県","沼津市","内浦三津",0,0,0,0,0,0
22203,"41001","4100103","シズオカケン","ヌマヅシ","エノウラ","静岡県","沼津市","江浦",0,0,0,0,0,0
22203,"410  ","4100049","シズオカケン","ヌマヅシ","エバラチョウ","静岡県","沼津市","江原町",0,0,0,0,0,0
22203,"410  ","4100022","シズオカケン","ヌマヅシ","オオオカ","静岡県","沼津市","大岡",0,0,0,0,0,0
22203,"410  ","4100873","シズオカケン","ヌマヅシ","オオズワ","静岡県","沼津市","大諏訪",0,0,0,0,0,0
22203,"41003","4100306","シズオカケン","ヌマヅシ","オオツカ","静岡県","沼津市","大塚",0,0,0,0,0,0
22203,"410  ","4100801","シズオカケン","ヌマヅシ","オオテマチ","静岡県","沼津市","大手町",0,0,1,0,0,0
22203,"41003","4100307","シズオカケン","ヌマヅシ","オオノ","静岡県","沼津市","青野",0,0,0,0,0,0
22203,"410  ","4100821","シズオカケン","ヌマヅシ","オオヒラ","静岡県","沼津市","大平",0,0,0,0,0,0
22203,"410  ","4100012","シズオカケン","ヌマヅシ","オカイッシキ","静岡県","沼津市","岡一色",0,0,0,0,0,0
22203,"410  ","4100011","シズオカケン","ヌマヅシ","オカノミヤ","静岡県","沼津市","岡宮",0,0,0,0,0,0
22203,"410  ","4100844","シズオカケン","ヌマヅシ","カスガチョウ","静岡県","沼津市","春日町",0,0,0,0,0,0
22203,"410  ","4100823","シズオカケン","ヌマヅシ","ガニュウドウ","静岡県","沼津市","我入道",0,1,0,0,0,0
22203,"410  ","4100824","シズオカケン","ヌマヅシ","カヌキガオカ","静岡県","沼津市","香貫が丘",0,0,0,0,0,0
22203,"410  ","4100813","シズオカケン","ヌマヅシ","カミカヌキ","静岡県","沼津市","上香貫",0,1,0,0,0,0
22203,"410  ","4100042","シズオカケン","ヌマヅシ","カンダチョウ","静岡県","沼津市","神田町",0,0,0,0,0,0
22203,"410  ","4100876","シズオカケン","ヌマヅシ","キタイマザワ","静岡県","沼津市","北今沢",0,0,0,0,0,0
22203,"410  ","4100061","シズオカケン","ヌマヅシ","キタゾノチョウ","静岡県","沼津市","北園町",0,0,0,0,0,0
22203,"410  ","4100054","シズオカケン","ヌマヅシ","キタタカシマチョウ","静岡県","沼津市","北高島町",0,0,0,0,0,0
22203,"410  ","4100064","シズオカケン","ヌマヅシ","キョウエイチョウ","静岡県","沼津市","共栄町",0,0,0,0,0,0
22203,"41001","4100102","シズオカケン","ヌマヅシ","クチノ","静岡県","沼津市","口野",0,0,0,0,0,0
22203,"410  ","4100893","シズオカケン","ヌマヅシ","クマダカチョウ","静岡県","沼津市","くまだか町",0,0,0,0,0,0
22203,"410  ","4100819","シズオカケン","ヌマヅシ","クロセチョウ","静岡県","沼津市","黒瀬町",0,0,0,0,0,0
22203,"410  ","4100872","シズオカケン","ヌマヅシ","コズワ","静岡県","沼津市","小諏訪",0,0,0,0,0,0
22203,"410  ","4100053","シズオカケン","ヌマヅシ","コトブキチョウ","静岡県","沼津市","寿町",0,0,0,0,0,0
22203,"410  ","4100021","シズオカケン","ヌマヅシ","コバヤシダイ","静岡県","沼津市","小林台",0,0,0,0,0,0
22203,"410  ","4100804","シズオカケン","ヌマヅシ","サイジョウチョウ","静岡県","沼津市","西条町",0,0,0,0,0,0
22203,"410  ","4100862","シズオカケン","ヌマヅシ","サイワイチョウ","静岡県","沼津市","幸町",0,0,0,0,0,0
22203,"410  ","4100044","シズオカケン","ヌマヅシ","サツキチョウ","静岡県","沼津市","五月町",0,0,0,0,0,0
22203,"410  ","4100052","シズオカケン","ヌマヅシ","サワダチョウ","静岡県","沼津市","沢田町",0,0,0,0,0,0
22203,"410  ","4100035","シズオカケン","ヌマヅシ","サンノウダイ","静岡県","沼津市","山王台",0,0,0,0,0,0
22203,"410  ","4100031","シズオカケン","ヌマヅシ","サンマイバシ","静岡県","沼津市","三枚橋",0,1,0,0,0,0
22203,"410  ","4100037","シズオカケン","ヌマヅシ","サンマイバシチョウ","静岡県","沼津市","三枚橋町",0,0,0,0,0,0
22203,"41001","4100106","シズオカケン","ヌマヅシ","シゲ","静岡県","沼津市","志下",0,0,0,0,0,0
22203,"41001","4100104","シズオカケン","ヌマヅシ","シシハマ","静岡県","沼津市","獅子浜",0,0,0,0,0,0
22203,"410  ","4100867","シズオカケン","ヌマヅシ","シタコウジチョウ","静岡県","沼津市","下小路町",0,0,0,1,0,0
22203,"410  ","4100863","シズオカケン","ヌマヅシ","シモイッチョウダ","静岡県","沼津市","下一丁田",0,0,0,0,0,0
22203,"410  ","4100822","シズオカケン","ヌマヅシ","シモカヌキ","静岡県","沼津市","下香貫",0,1,0,0,0,0
22203,"41008","4100841","シズオカケン","ヌマヅシ","シモガワラチョウ","静岡県","沼津市","下河原町",0,0,0,0,0,0
22203,"410  ","4100867","シズオカケン","ヌマヅシ","シモナカミゾ","静岡県","沼津市","下中溝",0,0,0,1,0,0
22203,"410  ","4100885","シズオカケン","ヌマヅシ","シモホンチョウ","静岡県","沼津市","下本町",0,0,0,0,0,0
22203,"410  ","4100842","シズオカケン","ヌマヅシ","ジャマツチョウ","静岡県","沼津市","蛇松町",0,0,0,0,0,0
22203,"410  ","4100047","シズオカケン","ヌマヅシ","ショウエイチョウ","静岡県","沼津市","庄栄町",0,0,0,0,0,0
22203,"410  ","4100805","シズオカケン","ヌマヅシ","シロガネチョウ","静岡県","沼津市","白銀町",0,0,0,0,0,0
22203,"410  ","4100003","シズオカケン","ヌマヅシ","シンサワダチョウ","静岡県","沼津市","新沢田町",0,0,0,0,0,0
22203,"410  ","4100048","シズオカケン","ヌマヅシ","シンジュクチョウ","静岡県","沼津市","新宿町",0,0,0,0,0,0
22203,"410  ","4100895","シズオカケン","ヌマヅシ","シンチョウ","静岡県","沼津市","新町",0,0,0,0,0,0
22203,"410  ","4100888","シズオカケン","ヌマヅシ","スエヒロチョウ","静岡県","沼津市","末広町",0,0,0,0,0,0
22203,"410  ","4100033","シズオカケン","ヌマヅシ","スギザキチョウ","静岡県","沼津市","杉崎町",0,0,0,0,0,0
22203,"410  ","4100816","シズオカケン","ヌマヅシ","スミヨシチョウ","静岡県","沼津市","住吉町",0,0,0,0,0,0
22203,"410  ","4100015","シズオカケン","ヌマヅシ","スルガダイ","静岡県","沼津市","駿河台",0,0,0,0,0,0
22203,"410  ","4100886","シズオカケン","ヌマヅシ","センゲンチョウ","静岡県","沼津市","浅間町",0,0,0,0,0,0
22203,"410  ","4100867","シズオカケン","ヌマヅシ","センボン","静岡県","沼津市","千本",0,0,0,1,0,0
22203,"410  ","4100854","シズオカケン","ヌマヅシ","センボントキワチョウ","静岡県","沼津市","千本常盤町",0,0,0,0,0,0
22203,"410  ","4100847","シズオカケン","ヌマヅシ","センボンナカチョウ","静岡県","沼津市","千本中町",0,0,0,0,0,0
22203,"410  ","4100846","シズオカケン","ヌマヅシ","センボンヒガシチョウ","静岡県","沼津市","千本東町",0,0,0,0,0,0
22203,"410  ","4100848","シズオカケン","ヌマヅシ","センボンニシチョウ","静岡県","沼津市","千本西町",0,0,0,0,0,0
22203,"410  ","4100855","シズオカケン","ヌマヅシ","センボンミドリチョウ","静岡県","沼津市","千本緑町",0,0,1,0,0,0
22203,"410  ","4100845","シズオカケン","ヌマヅシ","センボンミナトマチ","静岡県","沼津市","千本港町",0,0,0,0,0,0
22203,"410  ","4100849","シズオカケン","ヌマヅシ","センボンゴウリン","静岡県","沼津市","千本郷林",0,0,1,0,0,0
22203,"410  ","4100803","シズオカケン","ヌマヅシ","ソエチチョウ","静岡県","沼津市","添地町",0,0,0,0,0,0
22203,"410  ","4100883","シズオカケン","ヌマヅシ","ダイモンチョウ","静岡県","沼津市","大門町",0,0,0,0,0,0
22203,"410  ","4100017","シズオカケン","ヌマヅシ","タカオダイ","静岡県","沼津市","高尾台",0,0,0,0,0,0
22203,"410  ","4100016","シズオカケン","ヌマヅシ","タカサゴチョウ","静岡県","沼津市","高砂町",0,0,0,0,0,0
22203,"410  ","4100057","シズオカケン","ヌマヅシ","タカザワチョウ","静岡県","沼津市","高沢町",0,0,0,0,0,0
22203,"410  ","4100056","シズオカケン","ヌマヅシ","タカシマチョウ","静岡県","沼津市","高島町",0,0,0,0,0,0
22203,"410  ","4100055","シズオカケン","ヌマヅシ","タカシマホンチョウ","静岡県","沼津市","高島本町",0,0,0,0,0,0
22203,"410  ","4100843","シズオカケン","ヌマヅシ","タデハラチョウ","静岡県","沼津市","蓼原町",0,0,0,0,0,0
22203,"41001","4100101","シズオカケン","ヌマヅシ","タビ","静岡県","沼津市","多比",0,0,0,0,0,0
22203,"410  ","4100814","シズオカケン","ヌマヅシ","タマエチョウ","静岡県","沼津市","玉江町",0,0,0,0,0,0
22203,"410  ","4100041","シズオカケン","ヌマヅシ","ツツイチョウ","静岡県","沼津市","筒井町",0,0,0,0,0,0
22203,"410  ","4100867","シズオカケン","ヌマヅシ","デグチチョウ","静岡県","沼津市","出口町",0,0,0,1,0,0
22203,"410  ","4100891","シズオカケン","ヌマヅシ","トオリヨコチョウ","静岡県","沼津市","通横町",0,0,0,0,0,0
22203,"410  ","4100853","シズオカケン","ヌマヅシ","トキワチョウ","静岡県","沼津市","常盤町",0,0,1,0,0,0
22203,"41003","4100305","シズオカケン","ヌマヅシ","トヤ","静岡県","沼津市","鳥谷",0,0,0,0,0,0
22203,"410  ","4100006","シズオカケン","ヌマヅシ","ナカサワダ","静岡県","沼津市","中沢田",0,0,0,0,0,0
22203,"410  ","4100811","シズオカケン","ヌマヅシ","ナカセチョウ","静岡県","沼津市","中瀬町",0,0,0,0,0,0
22203,"410  ","4100894","シズオカケン","ヌマヅシ","ナカチョウ","静岡県","沼津市","仲町",0,0,0,0,0,0
22203,"410  ","4100818","シズオカケン","ヌマヅシ","ナカハラチョウ","静岡県","沼津市","中原町",0,0,0,0,0,0
22203,"41002","4100242","シズオカケン","ヌマヅシ","ニシウラアシボ","静岡県","沼津市","西浦足保",0,0,0,0,0,0
22203,"41002","4100244","シズオカケン","ヌマヅシ","ニシウラエナシ","静岡県","沼津市","西浦江梨",0,0,0,1,0,0
22203,"41002","4100231","シズオカケン","ヌマヅシ","ニシウラキショウ","静岡県","沼津市","西浦木負",0,0,0,0,0,0
22203,"41002","4100233","シズオカケン","ヌマヅシ","ニシウラクヅラ","静岡県","沼津市","西浦久連",0,0,0,0,0,0
22203,"41002","4100243","シズオカケン","ヌマヅシ","ニシウラクリョウ","静岡県","沼津市","西浦久料",0,0,0,0,0,0
22203,"41002","4100241","シズオカケン","ヌマヅシ","ニシウラコウ","静岡県","沼津市","西浦古宇",0,0,0,0,0,0
22203,"41002","4100232","シズオカケン","ヌマヅシ","ニシウラコウチ","静岡県","沼津市","西浦河内",0,0,0,0,0,0
22203,"41002","4100235","シズオカケン","ヌマヅシ","ニシウラタチボ","静岡県","沼津市","西浦立保",0,0,0,0,0,0
22203,"41002","4100234","シズオカケン","ヌマヅシ","ニシウラヒラサワ","静岡県","沼津市","西浦平沢",0,0,0,0,0,0
22203,"41002","4100244","シズオカケン","ヌマヅシ","ニシウラオオセ","静岡県","沼津市","西浦大瀬",0,0,0,1,0,0
22203,"410  ","4100807","シズオカケン","ヌマヅシ","ニシキチョウ","静岡県","沼津市","錦町",0,0,0,0,0,0
22203,"410  ","4100051","シズオカケン","ヌマヅシ","ニシクマンドウ","静岡県","沼津市","西熊堂",0,0,0,0,0,0
22203,"410  ","4100007","シズオカケン","ヌマヅシ","ニシサワダ","静岡県","沼津市","西沢田",0,0,0,0,0,0
22203,"41003","4100303","シズオカケン","ヌマヅシ","ニシシイジ","静岡県","沼津市","西椎路",0,0,0,0,0,0
22203,"410  ","4100835","シズオカケン","ヌマヅシ","ニシジマチョウ","静岡県","沼津市","西島町",0,0,0,0,0,0
22203,"41003","4100313","シズオカケン","ヌマヅシ","ニシゾエチョウ","静岡県","沼津市","西添町",0,0,0,0,0,0
22203,"41003","4100321","シズオカケン","ヌマヅシ","ニシノ","静岡県","沼津市","西野",0,0,0,0,0,0
22203,"410  ","4100871","シズオカケン","ヌマヅシ","ニシマカド","静岡県","沼津市","西間門",0,0,1,0,0,0
22203,"410  ","4100867","シズオカケン","ヌマヅシ","ニシマツシタ","静岡県","沼津市","西松下",0,0,0,1,0,0
22203,"410  ","4100058","シズオカケン","ヌマヅシ","ヌマキタチョウ","静岡県","沼津市","沼北町",0,0,1,0,0,0
22203,"41003","4100309","シズオカケン","ヌマヅシ","ネゴヤ","静岡県","沼津市","根古屋",0,0,0,0,0,0
22203,"410  ","4100881","シズオカケン","ヌマヅシ","ハチマンチョウ","静岡県","沼津市","八幡町",0,0,0,0,0,0
22203,"410  ","4100065","シズオカケン","ヌマヅシ","ハナゾノチョウ","静岡県","沼津市","花園町",0,0,0,0,0,0
22203,"41003","4100312","シズオカケン","ヌマヅシ","ハラ","静岡県","沼津市","原",0,1,0,0,0,0
22203,"41003","4100311","シズオカケン","ヌマヅシ","ハラマチナカ","静岡県","沼津市","原町中",0,0,1,0,0,0
22203,"410  ","4100013","シズオカケン","ヌマヅシ","ヒガシクマンドウ","静岡県","沼津市","東熊堂",0,0,0,0,0,0
22203,"410  ","4100002","シズオカケン","ヌマヅシ","ヒガシサワダ","静岡県","沼津市","東沢田",0,0,0,0,0,0
22203,"41003","4100302","シズオカケン","ヌマヅシ","ヒガシシイジ","静岡県","沼津市","東椎路",0,0,0,0,0,0
22203,"41003","4100304","シズオカケン","ヌマヅシ","ヒガシバラ","静岡県","沼津市","東原",0,0,0,0,0,0
22203,"410  ","4100865","シズオカケン","ヌマヅシ","ヒガシマカド","静岡県","沼津市","東間門",0,0,1,0,0,0
22203,"410  ","4100887","シズオカケン","ヌマヅシ","ヒガシミヤウシロチョウ","静岡県","沼津市","東宮後町",0,0,0,0,0,0
22203,"410  ","4100032","シズオカケン","ヌマヅシ","ヒノデチョウ","静岡県","沼津市","日の出町",0,0,0,0,0,0
22203,"41003","4100318","シズオカケン","ヌマヅシ","ヒラヌマ","静岡県","沼津市","平沼",0,0,0,0,0,0
22203,"410  ","4100036","シズオカケン","ヌマヅシ","ヒラマチ","静岡県","沼津市","平町",0,0,0,0,0,0
22203,"410  ","4100034","シズオカケン","ヌマヅシ","フジミチョウ","静岡県","沼津市","富士見町",0,0,0,0,0,0
22203,"410  ","4100005","シズオカケン","ヌマヅシ","フタバチョウ","静岡県","沼津市","双葉町",0,0,0,0,0,0
22203,"41034","4103402","シズオカケン","ヌマヅシ","ヘダ","静岡県","沼津市","戸田",0,0,0,0,0,0
22203,"410  ","4100867","シズオカケン","ヌマヅシ","ホン","静岡県","沼津市","本",0,1,0,1,0,0
22203,"410  ","4100817","シズオカケン","ヌマヅシ","ホンゴウチョウ","静岡県","沼津市","本郷町",0,0,0,0,0,0
22203,"410  ","4100004","シズオカケン","ヌマヅシ","ホンタマチ","静岡県","沼津市","本田町",0,0,0,0,0,0
22203,"410  ","4100884","シズオカケン","ヌマヅシ","ホンチョウ","静岡県","沼津市","本町",0,0,0,0,0,0
22203,"410  ","4100867","シズオカケン","ヌマヅシ","マエダ","静岡県","沼津市","前田",0,0,0,1,0,0
22203,"410  ","4100834","シズオカケン","ヌマヅシ","マキジマチョウ","静岡県","沼津市","槇島町",0,0,0,0,0,0
22203,"41001","4100105","シズオカケン","ヌマヅシ","マゴメ","静岡県","沼津市","馬込",0,0,0,0,0,0
22203,"410  ","4100861","シズオカケン","ヌマヅシ","マサゴチョウ","静岡県","沼津市","真砂町",0,0,0,0,0,0
22203,"410  ","4100882","シズオカケン","ヌマヅシ","マチカタマチ","静岡県","沼津市","町方町",0,0,0,0,0,0
22203,"410  ","4100014","シズオカケン","ヌマヅシ","マツサワチョウ","静岡県","沼津市","松沢町",0,0,0,0,0,0
22203,"410  ","4100864","シズオカケン","ヌマヅシ","マツシタ","静岡県","沼津市","松下",0,0,0,0,0,0
22203,"410  ","4100867","シズオカケン","ヌマヅシ","マツシタヒチタンダ","静岡県","沼津市","松下七反田",0,0,0,1,0,0
22203,"410  ","4100874","シズオカケン","ヌマヅシ","マツナガ","静岡県","沼津市","松長",0,0,0,0,0,0
22203,"410  ","4100806","シズオカケン","ヌマヅシ","マルコチョウ","静岡県","沼津市","丸子町",0,0,0,0,0,0
22203,"410  ","4100833","シズオカケン","ヌマヅシ","ミソノチョウ","静岡県","沼津市","三園町",0,0,0,0,0,0
22203,"410  ","4100063","シズオカケン","ヌマヅシ","ミドリガオカ","静岡県","沼津市","緑ケ丘",0,0,0,0,0,0
22203,"410  ","4100815","シズオカケン","ヌマヅシ","ミナミホンゴウチョウ","静岡県","沼津市","南本郷町",0,0,0,0,0,0
22203,"410  ","4100062","シズオカケン","ヌマヅシ","ミヤマエチョウ","静岡県","沼津市","宮前町",0,0,0,0,0,0
22203,"410  ","4100851","シズオカケン","ヌマヅシ","ミヤマチ","静岡県","沼津市","宮町",0,0,0,0,0,0
22203,"41003","4100301","シズオカケン","ヌマヅシ","ミヤモト","静岡県","沼津市","宮本",0,0,0,0,0,0
22203,"410  ","4100832","シズオカケン","ヌマヅシ","ミユキチョウ","静岡県","沼津市","御幸町",0,0,0,0,0,0
22203,"410  ","4100038","シズオカケン","ヌマヅシ","ミヨシチョウ","静岡県","沼津市","三芳町",0,0,0,0,0,0
22203,"41003","4100315","シズオカケン","ヌマヅシ","モモザト","静岡県","沼津市","桃里",0,0,0,0,0,0
22203,"41003","4100308","シズオカケン","ヌマヅシ","ヤナギサワ","静岡県","沼津市","柳沢",0,0,0,0,0,0
22203,"410  ","4100043","シズオカケン","ヌマヅシ","ヤナギチョウ","静岡県","沼津市","柳町",0,0,0,0,0,0
22203,"410  ","4100812","シズオカケン","ヌマヅシ","ヤマガシタチョウ","静岡県","沼津市","山ケ下町",0,0,0,0,0,0
22203,"410  ","4100018","シズオカケン","ヌマヅシ","ユタカチョウ","静岡県","沼津市","豊町",0,0,0,0,0,0
22203,"410  ","4100836","シズオカケン","ヌマヅシ","ヨシダチョウ","静岡県","沼津市","吉田町",0,0,0,0,0,0
22203,"410  ","4100046","シズオカケン","ヌマヅシ","ヨネヤマチョウ","静岡県","沼津市","米山町",0,0,0,0,0,0
22203,"410  ","4100059","シズオカケン","ヌマヅシ","ワカバチョウ","静岡県","沼津市","若葉町",0,0,0,0,0,0
22205,"413  ","4130000","シズオカケン","アタミシ","","静岡県","熱海市","",0,0,0,0,0,0
22205,"413  ","4130039","シズオカケン","アタミシ","アイノハラチョウ","静岡県","熱海市","相の原町",0,0,0,0,0,0
22205,"413  ","4130041","シズオカケン","アタミシ","アオバチョウ","静岡県","熱海市","青葉町",0,0,0,0,0,0
22205,"41301","4130103","シズオカケン","アタミシ","アジロ","静岡県","熱海市","網代",0,0,0,0,0,0
22205,"413  ","4130033","シズオカケン","アタミシ","アタミ","静岡県","熱海市","熱海",0,0,0,0,0,0
22205,"413  ","4130002","シズオカケン","アタミシ","イズサン","静岡県","熱海市","伊豆山",0,0,0,0,0,0
22205,"413  ","4130001","シズオカケン","アタミシ","イズミ","静岡県","熱海市","泉",0,0,0,0,0,0
22205,"413  ","4130003","シズオカケン","アタミシ","カイコウチョウ","静岡県","熱海市","海光町",0,0,0,0,0,0
22205,"413  ","4130005","シズオカケン","アタミシ","カスガチョウ","静岡県","熱海市","春日町",0,0,0,0,0,0
22205,"413  ","4130018","シズオカケン","アタミシ","カミジュクチョウ","静岡県","熱海市","上宿町",0,0,0,0,0,0
22205,"41301","4130101","シズオカケン","アタミシ","カミタガ","静岡県","熱海市","上多賀",0,0,0,0,0,0
22205,"413  ","4130013","シズオカケン","アタミシ","ギンザチョウ","静岡県","熱海市","銀座町",0,0,0,0,0,0
22205,"413  ","4130029","シズオカケン","アタミシ","コアラシチョウ","静岡県","熱海市","小嵐町",0,0,0,0,0,0
22205,"413  ","4130019","シズオカケン","アタミシ","サキミチョウ","静岡県","熱海市","咲見町",0,0,0,0,0,0
22205,"413  ","4130025","シズオカケン","アタミシ","サクラギチョウ","静岡県","熱海市","桜木町",0,0,0,0,0,0
22205,"413  ","4130028","シズオカケン","アタミシ","サクラチョウ","静岡県","熱海市","桜町",0,0,0,0,0,0
22205,"413  ","4130037","シズオカケン","アタミシ","ササラガダイチョウ","静岡県","熱海市","笹良ケ台町",0,0,0,0,0,0
22205,"413  ","4130021","シズオカケン","アタミシ","シミズチョウ","静岡県","熱海市","清水町",0,0,0,0,0,0
22205,"41301","4130102","シズオカケン","アタミシ","シモタガ","静岡県","熱海市","下多賀",0,0,0,0,0,0
22205,"413  ","4130022","シズオカケン","アタミシ","ショウワチョウ","静岡県","熱海市","昭和町",0,0,0,0,0,0
22205,"413  ","4130011","シズオカケン","アタミシ","タハラホンチョウ","静岡県","熱海市","田原本町",0,0,0,0,0,0
22205,"413  ","4130015","シズオカケン","アタミシ","チュウオウチョウ","静岡県","熱海市","中央町",0,0,0,0,0,0
22205,"413  ","4130014","シズオカケン","アタミシ","ナギサチョウ","静岡県","熱海市","渚町",0,0,0,0,0,0
22205,"413  ","4130038","シズオカケン","アタミシ","ニシアタミチョウ","静岡県","熱海市","西熱海町",0,0,1,0,0,0
22205,"413  ","4130034","シズオカケン","アタミシ","ニシヤマチョウ","静岡県","熱海市","西山町",0,0,0,0,0,0
22205,"413  ","4130032","シズオカケン","アタミシ","バイエンチョウ","静岡県","熱海市","梅園町",0,0,0,0,0,0
22205,"413  ","4130026","シズオカケン","アタミシ","バイカチョウ","静岡県","熱海市","梅花町",0,0,0,0,0,0
22205,"413  ","4130004","シズオカケン","アタミシ","ハツシマ","静岡県","熱海市","初島",0,0,0,0,0,0
22205,"413  ","4130031","シズオカケン","アタミシ","ハヤシガオカチョウ","静岡県","熱海市","林ガ丘町",0,0,0,0,0,0
22205,"413  ","4130012","シズオカケン","アタミシ","ヒガシカイガンチョウ","静岡県","熱海市","東海岸町",0,0,0,0,0,0
22205,"413  ","4130036","シズオカケン","アタミシ","ヒガネチョウ","静岡県","熱海市","日金町",0,0,0,0,0,0
22205,"413  ","4130017","シズオカケン","アタミシ","フクミチチョウ","静岡県","熱海市","福道町",0,0,0,0,0,0
22205,"413  ","4130035","シズオカケン","アタミシ","ミドリガオカチョウ","静岡県","熱海市","緑ガ丘町",0,0,0,0,0,0
22205,"413  ","4130016","シズオカケン","アタミシ","ミナグチチョウ","静岡県","熱海市","水口町",0,0,1,0,0,0
22205,"413  ","4130027","シズオカケン","アタミシ","モミジガオカチョウ","静岡県","熱海市","紅葉ガ丘町",0,0,0,0,0,0
22205,"413  ","4130006","シズオカケン","アタミシ","モモヤマチョウ","静岡県","熱海市","桃山町",0,0,0,0,0,0
22205,"413  ","4130042","シズオカケン","アタミシ","ヤマテチョウ","静岡県","熱海市","山手町",0,0,0,0,0,0
22205,"413  ","4130024","シズオカケン","アタミシ","ワダチョウ","静岡県","熱海市","和田町",0,0,0,0,0,0
22205,"413  ","4130023","シズオカケン","アタミシ","ワダハマミナミチョウ","静岡県","熱海市","和田浜南町",0,0,0,0,0,0
22206,"411  ","4110000","シズオカケン","ミシマシ","","静岡県","三島市","",0,0,0,1,0,0
22206,"411  ","4110811","シズオカケン","ミシマシ","アオキ","静岡県","三島市","青木",0,0,0,0,0,0
22206,"411  ","4110020","シズオカケン","ミシマシ","アサヒガオカ","静岡県","三島市","旭ケ丘",0,0,0,0,0,0
22206,"411  ","4110834","シズオカケン","ミシマシ","アラヤ","静岡県","三島市","新谷",0,0,0,0,0,0
22206,"411  ","4110037","シズオカケン","ミシマシ","イズミチョウ","静岡県","三島市","泉町",0,0,0,0,0,0
22206,"411  ","4110015","シズオカケン","ミシマシ","イチノヤマシンデン","静岡県","三島市","市山新田",0,0,0,0,0,0
22206,"411  ","4110036","シズオカケン","ミシマシ","イチバンチョウ","静岡県","三島市","一番町",0,0,0,0,0,0
22206,"411  ","4110025","シズオカケン","ミシマシ","イッチョウダ","静岡県","三島市","壱町田",0,0,0,0,0,0
22206,"411  ","4110816","シズオカケン","ミシマシ","ウメナ","静岡県","三島市","梅名",0,0,0,0,0,0
22206,"411  ","4110035","シズオカケン","ミシマシ","オオミヤチョウ","静岡県","三島市","大宮町",0,0,1,0,0,0
22206,"411  ","4110023","シズオカケン","ミシマシ","カモ","静岡県","三島市","加茂",0,0,0,0,0,0
22206,"411  ","4110034","シズオカケン","ミシマシ","カモガワチョウ","静岡県","三島市","加茂川町",0,0,0,0,0,0
22206,"411  ","4110845","シズオカケン","ミシマシ","カヤマチ","静岡県","三島市","加屋町",0,0,0,0,0,0
22206,"411  ","4110022","シズオカケン","ミシマシ","カワハラガヤ","静岡県","三島市","川原ケ谷",0,0,0,0,0,0
22206,"411  ","4110805","シズオカケン","ミシマシ","キタザワ","静岡県","三島市","北沢",0,0,0,0,0,0
22206,"411  ","4110854","シズオカケン","ミシマシ","キタタマチ","静岡県","三島市","北田町",0,0,0,0,0,0
22206,"411  ","4110844","シズオカケン","ミシマシ","キヨズミチョウ","静岡県","三島市","清住町",0,0,0,0,0,0
22206,"411  ","4110031","シズオカケン","ミシマシ","コウバラチョウ","静岡県","三島市","幸原町",0,0,1,0,0,0
22206,"411  ","4110039","シズオカケン","ミシマシ","コトブキチョウ","静岡県","三島市","寿町",0,0,0,0,0,0
22206,"411  ","4110846","シズオカケン","ミシマシ","サカエチョウ","静岡県","三島市","栄町",0,0,0,0,0,0
22206,"411  ","4110012","シズオカケン","ミシマシ","ササハラシンデン","静岡県","三島市","笹原新田",0,0,0,0,0,0
22206,"411  ","4110047","シズオカケン","ミシマシ","サノ","静岡県","三島市","佐野",0,0,0,0,0,0
22206,"411  ","4110041","シズオカケン","ミシマシ","サノミハラシダイ","静岡県","三島市","佐野見晴台",0,0,1,0,0,0
22206,"411  ","4110043","シズオカケン","ミシマシ","サワジ","静岡県","三島市","沢地",0,0,0,0,0,0
22206,"411  ","4110017","シズオカケン","ミシマシ","サンケイダイ","静岡県","三島市","三恵台",0,0,0,0,0,0
22206,"411  ","4110857","シズオカケン","ミシマシ","シバホンチョウ","静岡県","三島市","芝本町",0,0,0,0,0,0
22206,"411  ","4110032","シズオカケン","ミシマシ","スエヒロチョウ","静岡県","三島市","末広町",0,0,0,0,0,0
22206,"411  ","4110027","シズオカケン","ミシマシ","センマイバラ","静岡県","三島市","千枚原",0,0,0,0,0,0
22206,"411  ","4110853","シズオカケン","ミシマシ","タイシャチョウ","静岡県","三島市","大社町",0,0,0,0,0,0
22206,"411  ","4110803","シズオカケン","ミシマシ","ダイバ","静岡県","三島市","大場",0,0,0,0,0,0
22206,"411  ","4110807","シズオカケン","ミシマシ","タケクラ","静岡県","三島市","竹倉",0,0,0,0,0,0
22206,"411  ","4110835","シズオカケン","ミシマシ","タマガワ","静岡県","三島市","玉川",0,0,0,0,0,0
22206,"411  ","4110014","シズオカケン","ミシマシ","タマザワ","静岡県","三島市","玉沢",0,0,0,0,0,0
22206,"411  ","4110804","シズオカケン","ミシマシ","タロ","静岡県","三島市","多呂",0,0,0,0,0,0
22206,"411  ","4110858","シズオカケン","ミシマシ","チュウオウチョウ","静岡県","三島市","中央町",0,0,0,0,0,0
22206,"411  ","4110016","シズオカケン","ミシマシ","ツカハラシンデン","静岡県","三島市","塚原新田",0,0,0,0,0,0
22206,"411  ","4110813","シズオカケン","ミシマシ","ツルハミ","静岡県","三島市","鶴喰",0,0,0,0,0,0
22206,"411  ","4110044","シズオカケン","ミシマシ","トクラ","静岡県","三島市","徳倉",0,0,1,0,0,0
22206,"411  ","4110836","シズオカケン","ミシマシ","トミタマチ","静岡県","三島市","富田町",0,0,0,0,0,0
22206,"411  ","4110833","シズオカケン","ミシマシ","ナカ","静岡県","三島市","中",0,0,0,0,0,0
22206,"411  ","4110814","シズオカケン","ミシマシ","ナカジマ","静岡県","三島市","中島",0,0,0,0,0,0
22206,"411  ","4110838","シズオカケン","ミシマシ","ナカタマチ","静岡県","三島市","中田町",0,0,0,0,0,0
22206,"411  ","4110824","シズオカケン","ミシマシ","ナガブセ","静岡県","三島市","長伏",0,0,0,0,0,0
22206,"411  ","4110808","シズオカケン","ミシマシ","ニシキガオカ","静岡県","三島市","錦が丘",0,0,0,0,0,0
22206,"411  ","4110847","シズオカケン","ミシマシ","ニシホンチョウ","静岡県","三島市","西本町",0,0,0,0,0,0
22206,"411  ","4110038","シズオカケン","ミシマシ","ニシワカチョウ","静岡県","三島市","西若町",0,0,0,0,0,0
22206,"411  ","4110045","シズオカケン","ミシマシ","ハギ","静岡県","三島市","萩",0,0,0,0,0,0
22206,"411  ","4110817","シズオカケン","ミシマシ","ハッタバタ","静岡県","三島市","八反畑",0,0,0,0,0,0
22206,"411  ","4110018","シズオカケン","ミシマシ","ハツネダイ","静岡県","三島市","初音台",0,1,0,0,0,0
22206,"411  ","4110029","シズオカケン","ミシマシ","ヒカリガオカ","静岡県","三島市","光ケ丘",0,0,0,0,0,0
22206,"411  ","4110026","シズオカケン","ミシマシ","ヒガシイッチョウダ","静岡県","三島市","東壱町田",0,0,0,0,0,0
22206,"411  ","4110802","シズオカケン","ミシマシ","ヒガシダイバ","静岡県","三島市","東大場",0,0,1,0,0,0
22206,"411  ","4110852","シズオカケン","ミシマシ","ヒガシチョウ","静岡県","三島市","東町",0,0,0,0,0,0
22206,"411  ","4110831","シズオカケン","ミシマシ","ヒガシホンチョウ","静岡県","三島市","東本町",0,0,1,0,0,0
22206,"411  ","4110851","シズオカケン","ミシマシ","ヒノデチョウ","静岡県","三島市","日の出町",0,0,0,0,0,0
22206,"411  ","4110821","シズオカケン","ミシマシ","ヒラタ","静岡県","三島市","平田",0,0,0,0,0,0
22206,"411  ","4110856","シズオカケン","ミシマシ","ヒロコウジチョウ","静岡県","三島市","広小路町",0,0,0,0,0,0
22206,"411  ","4110812","シズオカケン","ミシマシ","フジシロチョウ","静岡県","三島市","藤代町",0,0,0,0,0,0
22206,"411  ","4110028","シズオカケン","ミシマシ","フジビレッジ","静岡県","三島市","富士ビレッジ",0,0,0,0,0,0
22206,"411  ","4110021","シズオカケン","ミシマシ","フジミダイ","静岡県","三島市","富士見台",0,0,0,0,0,0
22206,"411  ","4110046","シズオカケン","ミシマシ","フヨウダイ","静岡県","三島市","芙蓉台",0,0,1,0,0,0
22206,"411  ","4110033","シズオカケン","ミシマシ","ブンキョウチョウ","静岡県","三島市","文教町",0,0,1,0,0,0
22206,"411  ","4110042","シズオカケン","ミシマシ","ヘイセイダイ","静岡県","三島市","平成台",0,0,0,0,0,0
22206,"411  ","4110855","シズオカケン","ミシマシ","ホンチョウ","静岡県","三島市","本町",0,0,0,0,0,0
22206,"411  ","4110019","シズオカケン","ミシマシ","マツガオカ","静岡県","三島市","松が丘",0,0,0,0,0,0
22206,"411  ","4110822","シズオカケン","ミシマシ","マツモト","静岡県","三島市","松本",0,0,0,0,0,0
22206,"411  ","4110823","シズオカケン","ミシマシ","ミソノ","静岡県","三島市","御園",0,0,0,0,0,0
22206,"411  ","4110013","シズオカケン","ミシマシ","ミツヤシンデン","静岡県","三島市","三ツ谷新田",0,0,0,0,0,0
22206,"411  ","4110848","シズオカケン","ミシマシ","ミドリチョウ","静岡県","三島市","緑町",0,0,0,0,0,0
22206,"411  ","4110837","シズオカケン","ミシマシ","ミナミタマチ","静岡県","三島市","南田町",0,0,0,0,0,0
22206,"411  ","4110842","シズオカケン","ミシマシ","ミナミチョウ","静岡県","三島市","南町",0,0,0,0,0,0
22206,"411  ","4110832","シズオカケン","ミシマシ","ミナミフツカマチ","静岡県","三島市","南二日町",0,0,0,0,0,0
22206,"411  ","4110841","シズオカケン","ミシマシ","ミナミホンチョウ","静岡県","三島市","南本町",0,0,0,0,0,0
22206,"411  ","4110843","シズオカケン","ミシマシ","ミヨシチョウ","静岡県","三島市","三好町",0,0,0,0,0,0
22206,"411  ","4110815","シズオカケン","ミシマシ","ヤスヒサ","静岡県","三島市","安久",0,0,0,0,0,0
22206,"411  ","4110801","シズオカケン","ミシマシ","ヤタ","静岡県","三島市","谷田",0,0,0,0,0,0
22206,"411  ","4110806","シズオカケン","ミシマシ","ヤナギゴウチ","静岡県","三島市","柳郷地",0,0,0,0,0,0
22206,"411  ","4110011","シズオカケン","ミシマシ","ヤマナカシンデン","静岡県","三島市","山中新田",0,0,0,0,0,0
22206,"411  ","4110024","シズオカケン","ミシマシ","ワカマツチョウ","静岡県","三島市","若松町",0,0,0,0,0,0
22207,"418  ","4180000","シズオカケン","フジノミヤシ","","静岡県","富士宮市","",0,0,0,0,0,0
22207,"418  ","4180047","シズオカケン","フジノミヤシ","アオキ","静岡県","富士宮市","青木",0,0,0,0,0,0
22207,"418  ","4180048","シズオカケン","フジノミヤシ","アオキダイラ","静岡県","富士宮市","青木平",0,0,0,0,0,0
22207,"418  ","4180016","シズオカケン","フジノミヤシ","アコウジ","静岡県","富士宮市","阿幸地",0,0,0,0,0,0
22207,"418  ","4180078","シズオカケン","フジノミヤシ","アコウジチョウ","静岡県","富士宮市","阿幸地町",0,0,0,0,0,0
22207,"418  ","4180037","シズオカケン","フジノミヤシ","アゴヤマ","静岡県","富士宮市","安居山",0,0,0,0,0,0
22207,"418  ","4180057","シズオカケン","フジノミヤシ","アサヒチョウ","静岡県","富士宮市","朝日町",0,0,0,0,0,0
22207,"418  ","4180032","シズオカケン","フジノミヤシ","アサマチョウ","静岡県","富士宮市","浅間町",0,0,0,0,0,0
22207,"418  ","4180011","シズオカケン","フジノミヤシ","アワクラ","静岡県","富士宮市","粟倉",0,0,0,0,0,0
22207,"418  ","4180018","シズオカケン","フジノミヤシ","アワクラミナミチョウ","静岡県","富士宮市","粟倉南町",0,0,0,0,0,0
22207,"418  ","4180043","シズオカケン","フジノミヤシ","イズミチョウ","静岡県","富士宮市","泉町",0,0,0,0,0,0
22207,"41801","4180108","シズオカケン","フジノミヤシ","イノカシラ","静岡県","富士宮市","猪之頭",0,0,0,0,0,0
22207,"41801","4180104","シズオカケン","フジノミヤシ","ウツノ","静岡県","富士宮市","内野",0,0,0,0,0,0
22207,"41903","4190317","シズオカケン","フジノミヤシ","ウツブサ","静岡県","富士宮市","内房",0,0,0,0,0,0
22207,"41801","4180113","シズオカケン","フジノミヤシ","ウマミヅカ","静岡県","富士宮市","馬見塚",0,0,0,0,0,0
22207,"418  ","4180013","シズオカケン","フジノミヤシ","オオイワ","静岡県","富士宮市","大岩",0,0,0,0,0,0
22207,"41903","4190314","シズオカケン","フジノミヤシ","オオクボ","静岡県","富士宮市","大久保",0,0,0,0,0,0
22207,"41903","4190303","シズオカケン","フジノミヤシ","オオシカクボ","静岡県","富士宮市","大鹿窪",0,0,0,0,0,0
22207,"418  ","4180044","シズオカケン","フジノミヤシ","オオナカザト","静岡県","富士宮市","大中里",0,0,0,0,0,0
22207,"418  ","4180066","シズオカケン","フジノミヤシ","オオミヤチョウ","静岡県","富士宮市","大宮町",0,0,0,0,0,0
22207,"41801","4180103","シズオカケン","フジノミヤシ","カミイデ","静岡県","富士宮市","上井出",0,0,0,0,0,0
22207,"41903","4190311","シズオカケン","フジノミヤシ","カミイナコ","静岡県","富士宮市","上稲子",0,0,0,0,0,0
22207,"41801","4180116","シズオカケン","フジノミヤシ","カミジョウ","静岡県","富士宮市","上条",0,0,0,0,0,0
22207,"41903","4190301","シズオカケン","フジノミヤシ","カミユノ","静岡県","富士宮市","上柚野",0,0,0,0,0,0
22207,"41801","4180117","シズオカケン","フジノミヤシ","カリヤド","静岡県","富士宮市","狩宿",0,0,0,0,0,0
22207,"418  ","4180031","シズオカケン","フジノミヤシ","カンダガワチョウ","静岡県","富士宮市","神田川町",0,0,0,0,0,0
22207,"418  ","4180061","シズオカケン","フジノミヤシ","キタマチ","静岡県","富士宮市","北町",0,0,0,0,0,0
22207,"41801","4180112","シズオカケン","フジノミヤシ","キタヤマ","静岡県","富士宮市","北山",0,0,0,0,0,0
22207,"418  ","4180042","シズオカケン","フジノミヤシ","キブネチョウ","静岡県","富士宮市","貴船町",0,0,0,0,0,0
22207,"418  ","4180034","シズオカケン","フジノミヤシ","クロダ","静岡県","富士宮市","黒田",0,0,0,0,0,0
22207,"418  ","4180074","シズオカケン","フジノミヤシ","ゲンドウジチョウ","静岡県","富士宮市","源道寺町",0,0,0,0,0,0
22207,"418  ","4180022","シズオカケン","フジノミヤシ","コイズミ","静岡県","富士宮市","小泉",0,0,0,0,0,0
22207,"41801","4180107","シズオカケン","フジノミヤシ","サオリ","静岡県","富士宮市","佐折",0,0,0,0,0,0
22207,"41903","4190312","シズオカケン","フジノミヤシ","シモイナコ","静岡県","富士宮市","下稲子",0,0,0,0,0,0
22207,"41801","4180114","シズオカケン","フジノミヤシ","シモジョウ","静岡県","富士宮市","下条",0,0,0,0,0,0
22207,"41903","4190305","シズオカケン","フジノミヤシ","シモユノ","静岡県","富士宮市","下柚野",0,0,0,0,0,0
22207,"41801","4180115","シズオカケン","フジノミヤシ","ショウジンガワ","静岡県","富士宮市","精進川",0,0,0,0,0,0
22207,"418  ","4180062","シズオカケン","フジノミヤシ","ジョウホクチョウ","静岡県","富士宮市","城北町",0,0,0,0,0,0
22207,"418  ","4180021","シズオカケン","フジノミヤシ","スギタ","静岡県","富士宮市","杉田",0,0,0,0,0,0
22207,"418  ","4180055","シズオカケン","フジノミヤシ","タカラマチ","静岡県","富士宮市","宝町",0,0,0,0,0,0
22207,"418  ","4180075","シズオカケン","フジノミヤシ","タナカチョウ","静岡県","富士宮市","田中町",0,0,0,0,0,0
22207,"418  ","4180065","シズオカケン","フジノミヤシ","チュウオウチョウ","静岡県","富士宮市","中央町",0,0,0,0,0,0
22207,"418  ","4180006","シズオカケン","フジノミヤシ","トガミ","静岡県","富士宮市","外神",0,0,0,0,0,0
22207,"418  ","4180007","シズオカケン","フジノミヤシ","トガミヒガシチョウ","静岡県","富士宮市","外神東町",0,0,0,0,0,0
22207,"41903","4190304","シズオカケン","フジノミヤシ","トリナミ","静岡県","富士宮市","鳥並",0,0,0,0,0,0
22207,"418  ","4180046","シズオカケン","フジノミヤシ","ナカザトヒガシチョウ","静岡県","富士宮市","中里東町",0,0,0,0,0,0
22207,"418  ","4180045","シズオカケン","フジノミヤシ","ナカジマチョウ","静岡県","富士宮市","中島町",0,0,0,0,0,0
22207,"41903","4190315","シズオカケン","フジノミヤシ","ナガヌキ","静岡県","富士宮市","長貫",0,0,0,0,0,0
22207,"418  ","4180002","シズオカケン","フジノミヤシ","ナカハラチョウ","静岡県","富士宮市","中原町",0,0,0,0,0,0
22207,"418  ","4180019","シズオカケン","フジノミヤシ","ナンリョウ","静岡県","富士宮市","南陵",0,0,0,0,0,0
22207,"418  ","4180076","シズオカケン","フジノミヤシ","ニシキチョウ","静岡県","富士宮市","錦町",0,0,0,0,0,0
22207,"418  ","4180026","シズオカケン","フジノミヤシ","ニシコイズミチョウ","静岡県","富士宮市","西小泉町",0,0,0,0,0,0
22207,"418  ","4180056","シズオカケン","フジノミヤシ","ニシマチ","静岡県","富士宮市","西町",0,0,0,0,0,0
22207,"41903","4190313","シズオカケン","フジノミヤシ","ニシヤマ","静岡県","富士宮市","西山",0,0,0,0,0,0
22207,"418  ","4180024","シズオカケン","フジノミヤシ","ヌクド","静岡県","富士宮市","貫戸",0,0,0,0,0,0
22207,"418  ","4180036","シズオカケン","フジノミヤシ","ヌマクボ","静岡県","富士宮市","沼久保",0,0,0,0,0,0
22207,"41903","4190302","シズオカケン","フジノミヤシ","ネコザワ","静岡県","富士宮市","猫沢",0,0,0,0,0,0
22207,"41801","4180101","シズオカケン","フジノミヤシ","ネバラ","静岡県","富士宮市","根原",0,0,0,0,0,0
22207,"418  ","4180039","シズオカケン","フジノミヤシ","ノナカ","静岡県","富士宮市","野中",0,0,0,0,0,0
22207,"418  ","4180038","シズオカケン","フジノミヤシ","ノナカチョウ","静岡県","富士宮市","野中町",0,0,0,0,0,0
22207,"418  ","4180033","シズオカケン","フジノミヤシ","ノナカヒガシチョウ","静岡県","富士宮市","野中東町",0,0,0,0,0,0
22207,"41903","4190316","シズオカケン","フジノミヤシ","ハブナ","静岡県","富士宮市","羽鮒",0,0,0,0,0,0
22207,"41801","4180105","シズオカケン","フジノミヤシ","ハラ","静岡県","富士宮市","原",0,0,0,0,0,0
22207,"41801","4180106","シズオカケン","フジノミヤシ","ハンノ","静岡県","富士宮市","半野",0,0,0,0,0,0
22207,"418  ","4180054","シズオカケン","フジノミヤシ","ヒカリチョウ","静岡県","富士宮市","光町",0,0,0,0,0,0
22207,"418  ","4180071","シズオカケン","フジノミヤシ","ヒガシアコウジ","静岡県","富士宮市","東阿幸地",0,0,0,0,0,0
22207,"418  ","4180077","シズオカケン","フジノミヤシ","ヒガシチョウ","静岡県","富士宮市","東町",0,0,0,0,0,0
22207,"41801","4180102","シズオカケン","フジノミヤシ","ヒトアナ","静岡県","富士宮市","人穴",0,0,0,0,0,0
22207,"418  ","4180003","シズオカケン","フジノミヤシ","ヒバリガオカ","静岡県","富士宮市","ひばりが丘",0,0,0,0,0,0
22207,"418  ","4180014","シズオカケン","フジノミヤシ","フジミガオカ","静岡県","富士宮市","富士見ケ丘",0,0,0,0,0,0
22207,"418  ","4180017","シズオカケン","フジノミヤシ","フナクボチョウ","静岡県","富士宮市","舟久保町",0,0,0,0,0,0
22207,"41801","4180109","シズオカケン","フジノミヤシ","フモト","静岡県","富士宮市","麓",0,0,0,0,0,0
22207,"418  ","4180035","シズオカケン","フジノミヤシ","ホシヤマ","静岡県","富士宮市","星山",0,0,0,0,0,0
22207,"418  ","4180058","シズオカケン","フジノミヤシ","ホナミチョウ","静岡県","富士宮市","穂波町",0,0,0,0,0,0
22207,"418  ","4180015","シズオカケン","フジノミヤシ","マイマイギチョウ","静岡県","富士宮市","舞々木町",0,0,0,0,0,0
22207,"418  ","4180025","シズオカケン","フジノミヤシ","マエダチョウ","静岡県","富士宮市","前田町",0,0,0,0,0,0
22207,"418  ","4180001","シズオカケン","フジノミヤシ","マンノハラシンデン","静岡県","富士宮市","万野原新田",0,0,0,0,0,0
22207,"418  ","4180004","シズオカケン","フジノミヤシ","ミソノダイラ","静岡県","富士宮市","三園平",0,0,0,0,0,0
22207,"418  ","4180053","シズオカケン","フジノミヤシ","ミヤキタチョウ","静岡県","富士宮市","宮北町",0,0,0,0,0,0
22207,"418  ","4180067","シズオカケン","フジノミヤシ","ミヤチョウ","静岡県","富士宮市","宮町",0,0,0,0,0,0
22207,"418  ","4180005","シズオカケン","フジノミヤシ","ミヤハラ","静岡県","富士宮市","宮原",0,0,0,0,0,0
22207,"418  ","4180012","シズオカケン","フジノミヤシ","ムラヤマ","静岡県","富士宮市","村山",0,0,0,0,0,0
22207,"418  ","4180064","シズオカケン","フジノミヤシ","モトシロチョウ","静岡県","富士宮市","元城町",0,0,0,0,0,0
22207,"418  ","4180072","シズオカケン","フジノミヤシ","ヤタテチョウ","静岡県","富士宮市","矢立町",0,0,0,0,0,0
22207,"41801","4180111","シズオカケン","フジノミヤシ","ヤマミヤ","静岡県","富士宮市","山宮",0,0,0,0,0,0
22207,"418  ","4180023","シズオカケン","フジノミヤシ","ヤマモト","静岡県","富士宮市","山本",0,0,0,0,0,0
22207,"418  ","4180068","シズオカケン","フジノミヤシ","ユタカチョウ","静岡県","富士宮市","豊町",0,0,0,0,0,0
22207,"418  ","4180073","シズオカケン","フジノミヤシ","ユミザワチョウ","静岡県","富士宮市","弓沢町",0,0,0,0,0,0
22207,"418  ","4180041","シズオカケン","フジノミヤシ","ヨドガワチョウ","静岡県","富士宮市","淀川町",0,0,0,0,0,0
22207,"418  ","4180051","シズオカケン","フジノミヤシ","ヨドシ","静岡県","富士宮市","淀師",0,0,0,0,0,0
22207,"418  ","4180052","シズオカケン","フジノミヤシ","ヨドヒラチョウ","静岡県","富士宮市","淀平町",0,0,0,0,0,0
22207,"418  ","4180063","シズオカケン","フジノミヤシ","ワカノミヤチョウ","静岡県","富士宮市","若の宮町",0,0,0,0,0,0
22208,"414  ","4140000","シズオカケン","イトウシ","","静岡県","伊東市","",0,0,0,0,0,0
22208,"41302","4130233","シズオカケン","イトウシ","アカザワ","静岡県","伊東市","赤沢",0,0,0,0,0,0
22208,"414  ","4140043","シズオカケン","イトウシ","アライ","静岡県","伊東市","新井",0,0,1,0,0,0
22208,"41302","4130234","シズオカケン","イトウシ","イケ","静岡県","伊東市","池",0,0,0,0,0,0
22208,"414  ","4140001","シズオカケン","イトウシ","ウサミ","静岡県","伊東市","宇佐美",0,0,0,0,0,0
22208,"414  ","4140046","シズオカケン","イトウシ","オオハラ","静岡県","伊東市","大原",0,0,1,0,0,0
22208,"41302","4130235","シズオカケン","イトウシ","オオムロコウゲン","静岡県","伊東市","大室高原",0,0,0,0,0,0
22208,"414  ","4140055","シズオカケン","イトウシ","オカ","静岡県","伊東市","岡",0,0,0,0,0,0
22208,"414  ","4140016","シズオカケン","イトウシ","オカヒロチョウ","静岡県","伊東市","岡広町",0,0,0,0,0,0
22208,"414  ","4140053","シズオカケン","イトウシ","オギ","静岡県","伊東市","荻",0,0,0,0,0,0
22208,"414  ","4140032","シズオカケン","イトウシ","オトナシチョウ","静岡県","伊東市","音無町",0,0,0,0,0,0
22208,"414  ","4140054","シズオカケン","イトウシ","カマタ","静岡県","伊東市","鎌田",0,0,0,0,0,0
22208,"414  ","4140034","シズオカケン","イトウシ","カメヤマ","静岡県","伊東市","瓶山",0,0,1,0,0,0
22208,"414  ","4140044","シズオカケン","イトウシ","カワナ","静岡県","伊東市","川奈",0,0,0,0,0,0
22208,"414  ","4140028","シズオカケン","イトウシ","ギンザモトマチ","静岡県","伊東市","銀座元町",0,0,0,0,0,0
22208,"414  ","4140045","シズオカケン","イトウシ","クスミモトワダ","静岡県","伊東市","玖須美元和田",0,0,0,0,0,0
22208,"41301","4130111","シズオカケン","イトウシ","グリーンヒルベツソウチ","静岡県","伊東市","グリーンヒル別荘地",0,0,0,0,0,0
22208,"414  ","4140018","シズオカケン","イトウシ","コトブキチョウ","静岡県","伊東市","寿町",0,0,0,0,0,0
22208,"414  ","4140017","シズオカケン","イトウシ","サイワイチョウ","静岡県","伊東市","幸町",0,0,0,0,0,0
22208,"414  ","4140037","シズオカケン","イトウシ","サクラガオカ","静岡県","伊東市","桜が丘",0,0,1,0,0,0
22208,"414  ","4140013","シズオカケン","イトウシ","サクラギチョウ","静岡県","伊東市","桜木町",0,0,1,0,0,0
22208,"414  ","4140004","シズオカケン","イトウシ","シシド","静岡県","伊東市","猪戸",0,0,1,0,0,0
22208,"414  ","4140042","シズオカケン","イトウシ","シズミチョウ","静岡県","伊東市","静海町",0,0,0,0,0,0
22208,"414  ","4140041","シズオカケン","イトウシ","シバチョウ","静岡県","伊東市","芝町",0,0,0,0,0,0
22208,"414  ","4140015","シズオカケン","イトウシ","スエヒロチョウ","静岡県","伊東市","末広町",0,0,0,0,0,0
22208,"414  ","4140012","シズオカケン","イトウシ","タカラチョウ","静岡県","伊東市","宝町",0,0,0,0,0,0
22208,"414  ","4140027","シズオカケン","イトウシ","タケノウチ","静岡県","伊東市","竹の内",0,0,1,0,0,0
22208,"414  ","4140026","シズオカケン","イトウシ","タケノダイ","静岡県","伊東市","竹の台",0,0,0,0,0,0
22208,"414  ","4140003","シズオカケン","イトウシ","チュウオウチョウ","静岡県","伊東市","中央町",0,0,0,0,0,0
22208,"414  ","4140052","シズオカケン","イトウシ","トオタリ","静岡県","伊東市","十足",0,0,0,0,0,0
22208,"414  ","4140023","シズオカケン","イトウシ","ナギサチョウ","静岡県","伊東市","渚町",0,0,0,0,0,0
22208,"414  ","4140033","シズオカケン","イトウシ","ババチョウ","静岡県","伊東市","馬場町",0,0,1,0,0,0
22208,"414  ","4140022","シズオカケン","イトウシ","ヒガシマツバラチョウ","静岡県","伊東市","東松原町",0,0,0,0,0,0
22208,"414  ","4140038","シズオカケン","イトウシ","ヒロノ","静岡県","伊東市","広野",0,0,1,0,0,0
22208,"41302","4130231","シズオカケン","イトウシ","フト","静岡県","伊東市","富戸",0,0,0,0,0,0
22208,"414  ","4140011","シズオカケン","イトウシ","マツカワチョウ","静岡県","伊東市","松川町",0,0,0,0,0,0
22208,"414  ","4140006","シズオカケン","イトウシ","マツバラ","静岡県","伊東市","松原",0,0,0,0,0,0
22208,"414  ","4140021","シズオカケン","イトウシ","マツバラホンチョウ","静岡県","伊東市","松原本町",0,0,0,0,0,0
22208,"414  ","4140005","シズオカケン","イトウシ","マツバラユバタチョウ","静岡県","伊東市","松原湯端町",0,0,0,0,0,0
22208,"414  ","4140035","シズオカケン","イトウシ","ミナミチョウ","静岡県","伊東市","南町",0,0,1,0,0,0
22208,"414  ","4140036","シズオカケン","イトウシ","ミヤガワチョウ","静岡県","伊東市","宮川町",0,0,1,0,0,0
22208,"414  ","4140025","シズオカケン","イトウシ","モノミガオカ","静岡県","伊東市","物見が丘",0,0,0,0,0,0
22208,"414  ","4140014","シズオカケン","イトウシ","ヤヨイチョウ","静岡県","伊東市","弥生町",0,0,0,0,0,0
22208,"41302","4130232","シズオカケン","イトウシ","ヤワタノ","静岡県","伊東市","八幡野",0,0,0,0,0,0
22208,"414  ","4140002","シズオカケン","イトウシ","ユカワ","静岡県","伊東市","湯川",0,0,1,0,0,0
22208,"414  ","4140031","シズオカケン","イトウシ","ユダチョウ","静岡県","伊東市","湯田町",0,0,0,0,0,0
22208,"414  ","4140051","シズオカケン","イトウシ","ヨシダ","静岡県","伊東市","吉田",0,0,0,0,0,0
22208,"414  ","4140024","シズオカケン","イトウシ","ワダ","静岡県","伊東市","和田",0,0,1,0,0,0
22210,"417  ","4170000","シズオカケン","フジシ","","静岡県","富士市","",0,0,0,0,0,0
22210,"417  ","4170046","シズオカケン","フジシ","アオシマ","静岡県","富士市","青島",0,0,0,0,0,0
22210,"417  ","4170047","シズオカケン","フジシ","アオシマチョウ","静岡県","富士市","青島町",0,0,0,0,0,0
22210,"416  ","4160952","シズオカケン","フジシ","アオバチョウ","静岡県","富士市","青葉町",0,0,0,0,0,0
22210,"41902","4190201","シズオカケン","フジシ","アツハラ","静岡県","富士市","厚原",0,0,0,0,0,0
22210,"417  ","4170042","シズオカケン","フジシ","アラタジマ","静岡県","富士市","荒田島",0,0,0,0,0,0
22210,"417  ","4170043","シズオカケン","フジシ","アラタジマチョウ","静岡県","富士市","荒田島町",0,0,0,0,0,0
22210,"417  ","4170804","シズオカケン","フジシ","イシイ","静岡県","富士市","石井",0,0,0,0,0,0
22210,"417  ","4170862","シズオカケン","フジシ","イシザカ","静岡県","富士市","石坂",0,0,0,0,0,0
22210,"417  ","4170808","シズオカケン","フジシ","イッシキ","静岡県","富士市","一色",0,0,0,0,0,0
22210,"417  ","4170846","シズオカケン","フジシ","イマイ","静岡県","富士市","今井",0,0,1,0,0,0
22210,"417  ","4170001","シズオカケン","フジシ","イマイズミ","静岡県","富士市","今泉",0,0,1,0,0,0
22210,"417  ","4170802","シズオカケン","フジシ","イマミヤ","静岡県","富士市","今宮",0,0,0,0,0,0
22210,"41902","4190204","シズオカケン","フジシ","イリヤマセ","静岡県","富士市","入山瀬",0,0,1,0,0,0
22210,"416  ","4160901","シズオカケン","フジシ","イワモト","静岡県","富士市","岩本",0,0,0,0,0,0
22210,"417  ","4170853","シズオカケン","フジシ","ウトガワヒガシチョウ","静岡県","富士市","宇東川東町",0,0,0,0,0,0
22210,"417  ","4170854","シズオカケン","フジシ","ウトガワニシチョウ","静岡県","富士市","宇東川西町",0,0,0,0,0,0
22210,"417  ","4170805","シズオカケン","フジシ","ウナイガフチ","静岡県","富士市","鵜無ケ淵",0,0,0,0,0,0
22210,"417  ","4170025","シズオカケン","フジシ","ウリジマ","静岡県","富士市","瓜島",0,0,0,0,0,0
22210,"417  ","4170057","シズオカケン","フジシ","ウリジマチョウ","静岡県","富士市","瓜島町",0,0,0,0,0,0
22210,"417  ","4170811","シズオカケン","フジシ","エノオ","静岡県","富士市","江尾",0,0,0,0,0,0
22210,"417  ","4170817","シズオカケン","フジシ","エノオミナミ","静岡県","富士市","江尾南",0,0,0,0,0,0
22210,"417  ","4170845","シズオカケン","フジシ","オオノシンデン","静岡県","富士市","大野新田",0,0,0,0,0,0
22210,"417  ","4170801","シズオカケン","フジシ","オオブチ","静岡県","富士市","大淵",0,0,1,0,0,0
22210,"417  ","4170803","シズオカケン","フジシ","カザキ","静岡県","富士市","桑崎",0,0,0,0,0,0
22210,"417  ","4170835","シズオカケン","フジシ","カシワバラ","静岡県","富士市","柏原",0,0,0,0,0,0
22210,"416  ","4160912","シズオカケン","フジシ","カジマチョウ","静岡県","富士市","加島町",0,0,0,0,0,0
22210,"417  ","4170821","シズオカケン","フジシ","カミヤ","静岡県","富士市","神谷",0,0,0,0,0,0
22210,"417  ","4170822","シズオカケン","フジシ","カミヤシンマチ","静岡県","富士市","神谷新町",0,0,0,0,0,0
22210,"417  ","4170823","シズオカケン","フジシ","カミヤミナミ","静岡県","富士市","神谷南",0,0,0,0,0,0
22210,"416  ","4160942","シズオカケン","フジシ","カミヨコワリ","静岡県","富士市","上横割",0,0,0,0,0,0
22210,"417  ","4170825","シズオカケン","フジシ","カワシリ","静岡県","富士市","川尻",0,0,0,0,0,0
22210,"417  ","4170824","シズオカケン","フジシ","カワシリヒガシ","静岡県","富士市","川尻東",0,0,0,0,0,0
22210,"416  ","4160939","シズオカケン","フジシ","カワナリジマ","静岡県","富士市","川成島",0,0,0,0,0,0
22210,"416  ","4160955","シズオカケン","フジシ","カワナリシンマチ","静岡県","富士市","川成新町",0,1,0,0,0,0
22210,"41902","4190202","シズオカケン","フジシ","クザワ","静岡県","富士市","久沢",0,0,1,0,0,0
22210,"417  ","4170071","シズオカケン","フジシ","クニクボ","静岡県","富士市","国久保",0,0,1,0,0,0
22210,"417  ","4170062","シズオカケン","フジシ","コウサイ","静岡県","富士市","香西",0,0,0,0,0,0
22210,"417  ","4170063","シズオカケン","フジシ","コウサイシンデン","静岡県","富士市","香西新田",0,0,0,0,0,0
22210,"417  ","4170807","シズオカケン","フジシ","ゴウド","静岡県","富士市","神戸",0,0,0,0,0,0
22210,"416  ","4160946","シズオカケン","フジシ","ゴカンジマ","静岡県","富士市","五貫島",0,0,0,0,0,0
22210,"416  ","4160905","シズオカケン","フジシ","ゴミジマ","静岡県","富士市","五味島",0,0,0,0,0,0
22210,"417  ","4170812","シズオカケン","フジシ","サカイ","静岡県","富士市","境",0,0,0,0,0,0
22210,"416  ","4160934","シズオカケン","フジシ","サメジマ","静岡県","富士市","鮫島",0,0,0,0,0,0
22210,"417  ","4170842","シズオカケン","フジシ","サンシンデン","静岡県","富士市","三新田",0,0,0,0,0,0
22210,"417  ","4170033","シズオカケン","フジシ","シマダチョウ","静岡県","富士市","島田町",0,0,1,0,0,0
22210,"416  ","4160943","シズオカケン","フジシ","シモヨコワリ","静岡県","富士市","下横割",0,0,0,0,0,0
22210,"416  ","4160941","シズオカケン","フジシ","ジュウベエ","静岡県","富士市","十兵衛",0,0,0,0,0,0
22210,"417  ","4170004","シズオカケン","フジシ","シンバシチョウ","静岡県","富士市","新橋町",0,0,0,0,0,0
22210,"417  ","4170015","シズオカケン","フジシ","スズカワチョウ","静岡県","富士市","鈴川町",0,0,0,0,0,0
22210,"417  ","4170013","シズオカケン","フジシ","スズカワナカチョウ","静岡県","富士市","鈴川中町",0,0,0,0,0,0
22210,"417  ","4170014","シズオカケン","フジシ","スズカワニシチョウ","静岡県","富士市","鈴川西町",0,0,0,0,0,0
22210,"417  ","4170012","シズオカケン","フジシ","スズカワヒガシチョウ","静岡県","富士市","鈴川東町",0,0,0,0,0,0
22210,"417  ","4170011","シズオカケン","フジシ","スズカワホンチョウ","静岡県","富士市","鈴川本町",0,0,0,0,0,0
22210,"417  ","4170072","シズオカケン","フジシ","センゲンカミチョウ","静岡県","富士市","浅間上町",0,0,0,0,0,0
22210,"417  ","4170073","シズオカケン","フジシ","センゲンホンチョウ","静岡県","富士市","浅間本町",0,0,0,0,0,0
22210,"41902","4190203","シズオカケン","フジシ","タカオカホンチョウ","静岡県","富士市","鷹岡本町",0,0,0,0,0,0
22210,"417  ","4170048","シズオカケン","フジシ","タカシマチョウ","静岡県","富士市","高島町",0,0,0,0,0,0
22210,"417  ","4170044","シズオカケン","フジシ","タカネチョウ","静岡県","富士市","高嶺町",0,0,0,0,0,0
22210,"416  ","4160935","シズオカケン","フジシ","タゴ","静岡県","富士市","田子",0,0,0,0,0,0
22210,"417  ","4170031","シズオカケン","フジシ","タジマ","静岡県","富士市","田島",0,0,0,0,0,0
22210,"417  ","4170032","シズオカケン","フジシ","タジマシンデン","静岡県","富士市","田島新田",0,0,0,0,0,0
22210,"416  ","4160931","シズオカケン","フジシ","タデハラ","静岡県","富士市","蓼原",0,0,0,0,0,0
22210,"416  ","4160953","シズオカケン","フジシ","タデハラチョウ","静岡県","富士市","蓼原町",0,0,0,0,0,0
22210,"417  ","4170843","シズオカケン","フジシ","タナカシンデン","静岡県","富士市","田中新田",0,0,0,0,0,0
22210,"417  ","4170052","シズオカケン","フジシ","チュウオウチョウ","静岡県","富士市","中央町",0,0,1,0,0,0
22210,"417  ","4170034","シズオカケン","フジシ","ツタ","静岡県","富士市","津田",0,0,0,0,0,0
22210,"417  ","4170035","シズオカケン","フジシ","ツタチョウ","静岡県","富士市","津田町",0,0,0,0,0,0
22210,"417  ","4170061","シズオカケン","フジシ","デンボウ","静岡県","富士市","伝法",0,0,0,0,0,0
22210,"41902","4190205","シズオカケン","フジシ","テンマ","静岡県","富士市","天間",0,0,0,0,0,0
22210,"417  ","4170037","シズオカケン","フジシ","トノキ","静岡県","富士市","外木",0,0,0,0,0,0
22210,"417  ","4170832","シズオカケン","フジシ","ナカカシワバラシンデン","静岡県","富士市","中柏原新田",0,0,0,0,0,0
22210,"417  ","4170036","シズオカケン","フジシ","ナカカワハラ","静岡県","富士市","中河原",1,0,0,0,0,0
22210,"416  ","4160936","シズオカケン","フジシ","ナカカワハラ","静岡県","富士市","中河原",1,0,0,0,0,0
22210,"417  ","4170826","シズオカケン","フジシ","ナカザト","静岡県","富士市","中里",0,0,0,0,0,0
22210,"416  ","4160907","シズオカケン","フジシ","ナカジマ","静岡県","富士市","中島",0,0,0,0,0,0
22210,"417  ","4170809","シズオカケン","フジシ","ナカノ","静岡県","富士市","中野",0,0,0,0,0,0
22210,"416  ","4160933","シズオカケン","フジシ","ナカマル","静岡県","富士市","中丸",0,0,0,0,0,0
22210,"417  ","4170054","シズオカケン","フジシ","ナガタ","静岡県","富士市","永田",0,0,0,0,0,0
22210,"417  ","4170058","シズオカケン","フジシ","ナガタキタチョウ","静岡県","富士市","永田北町",0,0,0,0,0,0
22210,"417  ","4170055","シズオカケン","フジシ","ナガタチョウ","静岡県","富士市","永田町",0,0,1,0,0,0
22210,"416  ","4160902","シズオカケン","フジシ","ナガドオリ","静岡県","富士市","長通",0,0,0,0,0,0
22210,"417  ","4170834","シズオカケン","フジシ","ニシカシワバラシンデン","静岡県","富士市","西柏原新田",0,0,0,0,0,0
22210,"417  ","4170045","シズオカケン","フジシ","ニシキチョウ","静岡県","富士市","錦町",0,0,1,0,0,0
22210,"417  ","4170814","シズオカケン","フジシ","ニシフナツ","静岡県","富士市","西船津",0,0,0,0,0,0
22210,"417  ","4170833","シズオカケン","フジシ","ヌマタシンデン","静岡県","富士市","沼田新田",0,0,0,0,0,0
22210,"416  ","4160911","シズオカケン","フジシ","ハチマンチョウ","静岡県","富士市","八幡町",0,0,0,0,0,0
22210,"416  ","4160938","シズオカケン","フジシ","ハマダチョウ","静岡県","富士市","浜田町",0,0,0,0,0,0
22210,"417  ","4170852","シズオカケン","フジシ","ハラダ","静岡県","富士市","原田",0,0,0,0,0,0
22210,"417  ","4170831","シズオカケン","フジシ","ヒガシカシワバラシンデン","静岡県","富士市","東柏原新田",0,0,0,0,0,0
22210,"417  ","4170847","シズオカケン","フジシ","ヒナ","静岡県","富士市","比奈",0,0,0,0,0,0
22210,"417  ","4170844","シズオカケン","フジシ","ヒノキシンデン","静岡県","富士市","檜新田",0,0,0,0,0,0
22210,"417  ","4170056","シズオカケン","フジシ","ヒノデチョウ","静岡県","富士市","日乃出町",0,0,0,0,0,0
22210,"417  ","4170861","シズオカケン","フジシ","ヒロミヒガシホンチョウ","静岡県","富士市","広見東本町",0,0,0,0,0,0
22210,"417  ","4170863","シズオカケン","フジシ","ヒロミニシホンチョウ","静岡県","富士市","広見西本町",0,0,0,0,0,0
22210,"417  ","4170864","シズオカケン","フジシ","ヒロミホンチョウ","静岡県","富士市","広見本町",0,0,0,0,0,0
22210,"417  ","4170841","シズオカケン","フジシ","フジオカ","静岡県","富士市","富士岡",0,0,0,0,0,0
22210,"416  ","4160915","シズオカケン","フジシ","フジチョウ","静岡県","富士市","富士町",0,0,0,0,0,0
22210,"417  ","4170851","シズオカケン","フジシ","フジミダイ","静岡県","富士市","富士見台",0,0,1,0,0,0
22210,"417  ","4170813","シズオカケン","フジシ","フナツ","静岡県","富士市","船津",0,0,0,0,0,0
22210,"416  ","4160916","シズオカケン","フジシ","ヘイガキ","静岡県","富士市","平垣",0,0,0,0,0,0
22210,"416  ","4160918","シズオカケン","フジシ","ヘイガキチョウ","静岡県","富士市","平垣町",0,0,0,0,0,0
22210,"416  ","4160913","シズオカケン","フジシ","ヘイガキホンチョウ","静岡県","富士市","平垣本町",0,0,0,0,0,0
22210,"416  ","4160914","シズオカケン","フジシ","ホンチョウ","静岡県","富士市","本町",0,0,1,0,0,0
22210,"416  ","4160937","シズオカケン","フジシ","マエダ","静岡県","富士市","前田",0,0,0,0,0,0
22210,"417  ","4170806","シズオカケン","フジシ","マカド","静岡県","富士市","間門",0,0,0,0,0,0
22210,"417  ","4170815","シズオカケン","フジシ","マスガワ","静岡県","富士市","増川",0,0,0,0,0,0
22210,"417  ","4170816","シズオカケン","フジシ","マスガワシンマチ","静岡県","富士市","増川新町",0,0,0,0,0,0
22210,"416  ","4160909","シズオカケン","フジシ","マツオカ","静岡県","富士市","松岡",0,0,0,0,0,0
22210,"416  ","4160919","シズオカケン","フジシ","マツトミマチ","静岡県","富士市","松富町",0,0,0,0,0,0
22210,"416  ","4160903","シズオカケン","フジシ","マツモト","静岡県","富士市","松本",0,0,0,0,0,0
22210,"417  ","4170855","シズオカケン","フジシ","ミツザワ","静岡県","富士市","三ツ沢",0,0,0,0,0,0
22210,"416  ","4160921","シズオカケン","フジシ","ミトジマ","静岡県","富士市","水戸島",0,0,1,0,0,0
22210,"416  ","4160924","シズオカケン","フジシ","ミトジマホンチョウ","静岡県","富士市","水戸島本町",0,0,0,0,0,0
22210,"416  ","4160922","シズオカケン","フジシ","ミトジマモトチョウ","静岡県","富士市","水戸島元町",0,0,0,0,0,0
22210,"417  ","4170049","シズオカケン","フジシ","ミドリチョウ","静岡県","富士市","緑町",0,0,0,0,0,0
22210,"417  ","4170026","シズオカケン","フジシ","ミナミチョウ","静岡県","富士市","南町",0,0,0,0,0,0
22210,"416  ","4160947","シズオカケン","フジシ","ミヤシタ","静岡県","富士市","宮下",0,0,0,0,0,0
22210,"416  ","4160945","シズオカケン","フジシ","ミヤジマ","静岡県","富士市","宮島",0,0,0,0,0,0
22210,"417  ","4170041","シズオカケン","フジシ","ミユキチョウ","静岡県","富士市","御幸町",0,0,0,0,0,0
22210,"416  ","4160906","シズオカケン","フジシ","モトイチバ","静岡県","富士市","本市場",0,0,0,0,0,0
22210,"416  ","4160904","シズオカケン","フジシ","モトイチバシンデン","静岡県","富士市","本市場新田",0,0,0,0,0,0
22210,"416  ","4160954","シズオカケン","フジシ","モトイチバチョウ","静岡県","富士市","本市場町",0,0,0,0,0,0
22210,"416  ","4160917","シズオカケン","フジシ","モトチョウ","静岡県","富士市","元町",0,0,0,0,0,0
22210,"416  ","4160949","シズオカケン","フジシ","モリシタ","静岡県","富士市","森下",0,0,0,0,0,0
22210,"416  ","4160948","シズオカケン","フジシ","モリジマ","静岡県","富士市","森島",0,0,0,0,0,0
22210,"417  ","4170024","シズオカケン","フジシ","ヤシロチョウ","静岡県","富士市","八代町",0,0,0,0,0,0
22210,"416  ","4160932","シズオカケン","フジシ","ヤナギシマ","静岡県","富士市","柳島",0,0,0,0,0,0
22210,"417  ","4170064","シズオカケン","フジシ","ヤヨイ","静岡県","富士市","弥生",0,0,0,0,0,0
22210,"417  ","4170065","シズオカケン","フジシ","ヤヨイシンデン","静岡県","富士市","弥生新田",0,0,0,0,0,0
22210,"416  ","4160908","シズオカケン","フジシ","ユノキ","静岡県","富士市","柚木",0,0,0,0,0,0
22210,"416  ","4160944","シズオカケン","フジシ","ヨコワリ","静岡県","富士市","横割",0,0,1,0,0,0
22210,"416  ","4160923","シズオカケン","フジシ","ヨコワリホンチョウ","静岡県","富士市","横割本町",0,0,0,0,0,0
22210,"417  ","4170051","シズオカケン","フジシ","ヨシワラ","静岡県","富士市","吉原",0,0,1,0,0,0
22210,"417  ","4170023","シズオカケン","フジシ","ヨシワラタカラチョウ","静岡県","富士市","吉原宝町",0,0,0,0,0,0
22210,"417  ","4170021","シズオカケン","フジシ","ヨダハラ","静岡県","富士市","依田原",0,0,0,0,0,0
22210,"417  ","4170053","シズオカケン","フジシ","ヨダハラシンデン","静岡県","富士市","依田原新田",0,0,0,0,0,0
22210,"417  ","4170022","シズオカケン","フジシ","ヨダハラチョウ","静岡県","富士市","依田原町",0,0,0,0,0,0
22210,"417  ","4170002","シズオカケン","フジシ","ヨダバシ","静岡県","富士市","依田橋",0,0,0,0,0,0
22210,"417  ","4170003","シズオカケン","フジシ","ヨダバシチョウ","静岡県","富士市","依田橋町",0,0,0,0,0,0
22210,"416  ","4160951","シズオカケン","フジシ","ヨネノミヤチョウ","静岡県","富士市","米之宮町",0,0,0,0,0,0
22215,"412  ","4120000","シズオカケン","ゴテンバシ","","静岡県","御殿場市","",0,0,0,0,0,0
22215,"412  ","4120048","シズオカケン","ゴテンバシ","イタヅマ","静岡県","御殿場市","板妻",0,0,0,0,0,0
22215,"412  ","4120008","シズオカケン","ゴテンバシ","インノ","静岡県","御殿場市","印野",0,0,0,0,0,0
22215,"412  ","4120034","シズオカケン","ゴテンバシ","オオサカ","静岡県","御殿場市","大坂",0,0,0,0,0,0
22215,"412  ","4120014","シズオカケン","ゴテンバシ","オオセギ","静岡県","御殿場市","大堰",0,0,0,0,0,0
22215,"412  ","4120013","シズオカケン","ゴテンバシ","オグラノ","静岡県","御殿場市","小倉野",0,0,0,0,0,0
22215,"412  ","4120039","シズオカケン","ゴテンバシ","カマド","静岡県","御殿場市","竈",0,0,0,0,0,0
22215,"412  ","4120002","シズオカケン","ゴテンバシ","カミコバヤシ","静岡県","御殿場市","上小林",0,0,0,0,0,0
22215,"412  ","4120045","シズオカケン","ゴテンバシ","カワシマタ","静岡県","御殿場市","川島田",0,0,0,0,0,0
22215,"412  ","4120009","シズオカケン","ゴテンバシ","カワヤナギ","静岡県","御殿場市","川柳",0,0,0,0,0,0
22215,"412  ","4120041","シズオカケン","ゴテンバシ","グミザワ","静岡県","御殿場市","茱萸沢",0,0,0,0,0,0
22215,"412  ","4120033","シズオカケン","ゴテンバシ","コウヤマ","静岡県","御殿場市","神山",0,0,0,0,0,0
22215,"412  ","4120029","シズオカケン","ゴテンバシ","コウヤマダイラ","静岡県","御殿場市","神山平",0,0,1,0,0,0
22215,"412  ","4120028","シズオカケン","ゴテンバシ","ゴテンバ","静岡県","御殿場市","御殿場",0,0,0,0,0,0
22215,"412  ","4120038","シズオカケン","ゴテンバシ","コマカド","静岡県","御殿場市","駒門",0,0,1,0,0,0
22215,"412  ","4120003","シズオカケン","ゴテンバシ","シバンタ","静岡県","御殿場市","柴怒田",0,0,0,0,0,0
22215,"412  ","4120047","シズオカケン","ゴテンバシ","ジンバ","静岡県","御殿場市","神場",0,0,0,0,0,0
22215,"412  ","4120044","シズオカケン","ゴテンバシ","スギナザワ","静岡県","御殿場市","杉名沢",0,0,0,0,0,0
22215,"412  ","4120022","シズオカケン","ゴテンバシ","セイゴ","静岡県","御殿場市","清後",0,0,0,0,0,0
22215,"412  ","4120017","シズオカケン","ゴテンバシ","ツカバラ","静岡県","御殿場市","塚原",0,0,0,0,0,0
22215,"412  ","4120037","シズオカケン","ゴテンバシ","ナカシミズ","静岡県","御殿場市","中清水",0,0,0,0,0,0
22215,"412  ","4120006","シズオカケン","ゴテンバシ","ナカバタ","静岡県","御殿場市","中畑",0,0,0,0,0,0
22215,"412  ","4120015","シズオカケン","ゴテンバシ","ナカマル","静岡県","御殿場市","中丸",0,0,0,0,0,0
22215,"412  ","4120035","シズオカケン","ゴテンバシ","ナカヤマ","静岡県","御殿場市","中山",0,0,0,0,0,0
22215,"412  ","4120007","シズオカケン","ゴテンバシ","ナガツカ","静岡県","御殿場市","永塚",0,0,0,0,0,0
22215,"412  ","4120043","シズオカケン","ゴテンバシ","ニイハシ","静岡県","御殿場市","新橋",0,0,0,0,0,0
22215,"412  ","4120027","シズオカケン","ゴテンバシ","ニシタナカ","静岡県","御殿場市","西田中",0,0,0,0,0,0
22215,"412  ","4120025","シズオカケン","ゴテンバシ","ニノオカ","静岡県","御殿場市","二の岡",0,0,1,0,0,0
22215,"412  ","4120021","シズオカケン","ゴテンバシ","ニマイバシ","静岡県","御殿場市","二枚橋",0,0,0,0,0,0
22215,"412  ","4120031","シズオカケン","ゴテンバシ","ヌマタ","静岡県","御殿場市","沼田",0,0,0,0,0,0
22215,"412  ","4120036","シズオカケン","ゴテンバシ","ハギカブ","静岡県","御殿場市","萩蕪",0,0,0,0,0,0
22215,"412  ","4120042","シズオカケン","ゴテンバシ","ハギワラ","静岡県","御殿場市","萩原",0,0,0,0,0,0
22215,"412  ","4120026","シズオカケン","ゴテンバシ","ヒガシタナカ","静岡県","御殿場市","東田中",0,0,1,0,0,0
22215,"412  ","4120024","シズオカケン","ゴテンバシ","ヒガシヤマ","静岡県","御殿場市","東山",0,0,0,0,0,0
22215,"412  ","4120005","シズオカケン","ゴテンバシ","ヒトスギ","静岡県","御殿場市","仁杉",0,0,0,0,0,0
22215,"412  ","4120023","シズオカケン","ゴテンバシ","フカサワ","静岡県","御殿場市","深沢",0,0,0,0,0,0
22215,"412  ","4120051","シズオカケン","ゴテンバシ","フジミハラ","静岡県","御殿場市","富士見原",0,0,1,0,0,0
22215,"412  ","4120032","シズオカケン","ゴテンバシ","フタゴ","静岡県","御殿場市","二子",0,0,0,0,0,0
22215,"412  ","4120011","シズオカケン","ゴテンバシ","フルサワ","静岡県","御殿場市","古沢",0,0,0,0,0,0
22215,"412  ","4120004","シズオカケン","ゴテンバシ","ホックバラ","静岡県","御殿場市","北久原",0,0,0,0,0,0
22215,"412  ","4120046","シズオカケン","ゴテンバシ","ホトザワ","静岡県","御殿場市","保土沢",0,0,0,0,0,0
22215,"412  ","4120012","シズオカケン","ゴテンバシ","マシダ","静岡県","御殿場市","増田",0,0,0,0,0,0
22215,"412  ","4120001","シズオカケン","ゴテンバシ","ミドノ","静岡県","御殿場市","水土野",0,0,0,0,0,0
22215,"412  ","4120016","シズオカケン","ゴテンバシ","ムイカイチバ","静岡県","御殿場市","六日市場",0,0,0,0,0,0
22215,"412  ","4120019","シズオカケン","ゴテンバシ","ヤマオダ","静岡県","御殿場市","山尾田",0,0,0,0,0,0
22215,"412  ","4120018","シズオカケン","ゴテンバシ","ヤマノシリ","静岡県","御殿場市","山之尻",0,0,0,0,0,0
22219,"415  ","4150000","シズオカケン","シモダシ","","静岡県","下田市","",0,0,0,0,0,0
22219,"415  ","4150001","シズオカケン","シモダシ","","静岡県","下田市","",0,0,0,0,0,0
22219,"41307","4130711","シズオカケン","シモダシ","アイタマ","静岡県","下田市","相玉",0,0,0,0,0,0
22219,"41307","4130703","シズオカケン","シモダシ","アラゾウ","静岡県","下田市","荒増",0,0,0,0,0,0
22219,"415  ","4150021","シズオカケン","シモダシ","イッチョウメ","静岡県","下田市","一丁目",0,0,0,0,0,0
22219,"41307","4130715","シズオカケン","シモダシ","ウドガネ","静岡県","下田市","宇土金",0,0,0,0,0,0
22219,"415  ","4150038","シズオカケン","シモダシ","オオガモ","静岡県","下田市","大賀茂",0,0,0,0,0,0
22219,"415  ","4150039","シズオカケン","シモダシ","オオサワ","静岡県","下田市","大沢",0,0,0,0,0,0
22219,"41307","4130701","シズオカケン","シモダシ","オチアイ","静岡県","下田市","落合",0,0,0,0,0,0
22219,"415  ","4150013","シズオカケン","シモダシ","カキサキ","静岡県","下田市","柿崎",0,0,0,0,0,0
22219,"41307","4130713","シズオカケン","シモダシ","カゾウノ","静岡県","下田市","加増野",0,0,0,0,0,0
22219,"415  ","4150028","シズオカケン","シモダシ","キサミ","静岡県","下田市","吉佐美",0,0,0,0,0,0
22219,"41307","4130714","シズオカケン","シモダシ","キタユガノ","静岡県","下田市","北湯ケ野",0,0,0,0,0,0
22219,"415  ","4150027","シズオカケン","シモダシ","キュウオカガタムラ","静岡県","下田市","旧岡方村",0,0,0,0,0,0
22219,"415  ","4150011","シズオカケン","シモダシ","コウチ","静岡県","下田市","河内",0,0,0,0,0,0
22219,"415  ","4150025","シズオカケン","シモダシ","ゴチョウメ","静岡県","下田市","五丁目",0,0,0,0,0,0
22219,"415  ","4150023","シズオカケン","シモダシ","サンチョウメ","静岡県","下田市","三丁目",0,0,0,0,0,0
22219,"41307","4130704","シズオカケン","シモダシ","シイバラ","静岡県","下田市","椎原",0,0,0,0,0,0
22219,"415  ","4150037","シズオカケン","シモダシ","シキネ","静岡県","下田市","敷根",0,0,0,0,0,0
22219,"415  ","4150012","シズオカケン","シモダシ","シラハマ","静岡県","下田市","白浜",0,0,0,0,0,0
22219,"415  ","4150014","シズオカケン","シモダシ","スザキ","静岡県","下田市","須崎",0,0,0,0,0,0
22219,"41307","4130716","シズオカケン","シモダシ","スハラ","静岡県","下田市","須原",0,0,0,0,0,0
22219,"415  ","4150015","シズオカケン","シモダシ","タケガハマ","静岡県","下田市","武ガ浜",0,0,0,0,0,0
22219,"415  ","4150034","シズオカケン","シモダシ","タコウマ","静岡県","下田市","高馬",0,0,0,0,0,0
22219,"415  ","4150032","シズオカケン","シモダシ","タチノ","静岡県","下田市","立野",0,0,0,0,0,0
22219,"415  ","4150029","シズオカケン","シモダシ","トウジ","静岡県","下田市","田牛",0,0,0,0,0,0
22219,"415  ","4150016","シズオカケン","シモダシ","ナカ","静岡県","下田市","中",0,0,0,0,0,0
22219,"415  ","4150018","シズオカケン","シモダシ","ニシナカ","静岡県","下田市","西中",0,0,0,0,0,0
22219,"415  ","4150036","シズオカケン","シモダシ","ニシホンゴウ","静岡県","下田市","西本郷",0,0,1,0,0,0
22219,"415  ","4150022","シズオカケン","シモダシ","ニチョウメ","静岡県","下田市","二丁目",0,0,0,0,0,0
22219,"415  ","4150017","シズオカケン","シモダシ","ヒガシナカ","静岡県","下田市","東中",0,0,0,0,0,0
22219,"415  ","4150035","シズオカケン","シモダシ","ヒガシホンゴウ","静岡県","下田市","東本郷",0,0,1,0,0,0
22219,"41307","4130702","シズオカケン","シモダシ","ホリノウチ","静岡県","下田市","堀之内",0,0,0,0,0,0
22219,"415  ","4150033","シズオカケン","シモダシ","ホンゴウ","静岡県","下田市","本郷",0,0,0,0,0,0
22219,"41307","4130705","シズオカケン","シモダシ","ミツクリ","静岡県","下田市","箕作",0,0,0,0,0,0
22219,"41307","4130712","シズオカケン","シモダシ","ヨコカワ","静岡県","下田市","横川",0,0,0,0,0,0
22219,"415  ","4150024","シズオカケン","シモダシ","ヨンチョウメ","静岡県","下田市","四丁目",0,0,0,0,0,0
22219,"415  ","4150031","シズオカケン","シモダシ","レンダイジ","静岡県","下田市","蓮台寺",0,0,0,0,0,0
22219,"415  ","4150026","シズオカケン","シモダシ","ロクチョウメ","静岡県","下田市","六丁目",0,0,0,0,0,0
22220,"41011","4101100","シズオカケン","スソノシ","","静岡県","裾野市","",0,0,0,0,0,0
22220,"41011","4101108","シズオカケン","スソノシ","アゲタ","静岡県","裾野市","上ケ田",0,0,0,0,0,0
22220,"41011","4101117","シズオカケン","スソノシ","イシワキ","静岡県","裾野市","石脇",0,1,0,0,0,0
22220,"41011","4101123","シズオカケン","スソノシ","イズシマタ","静岡県","裾野市","伊豆島田",0,1,0,0,0,0
22220,"41011","4101113","シズオカケン","スソノシ","イナリ","静岡県","裾野市","稲荷",0,0,0,0,0,0
22220,"41011","4101104","シズオカケン","スソノシ","イマザト","静岡県","裾野市","今里",0,1,0,0,0,0
22220,"41011","4101101","シズオカケン","スソノシ","イワナミ","静岡県","裾野市","岩波",0,0,0,0,0,0
22220,"41011","4101114","シズオカケン","スソノシ","オオハタ","静岡県","裾野市","大畑",0,0,0,0,0,0
22220,"41011","4101103","シズオカケン","スソノシ","カズラヤマ","静岡県","裾野市","葛山",0,1,0,0,0,0
22220,"41011","4101106","シズオカケン","スソノシ","カネザワ","静岡県","裾野市","金沢",0,0,0,0,0,0
22220,"41011","4101111","シズオカケン","スソノシ","クネ","静岡県","裾野市","久根",0,1,0,0,0,0
22220,"41011","4101112","シズオカケン","スソノシ","クモミョウ","静岡県","裾野市","公文名",0,1,0,0,0,0
22220,"41011","4101118","シズオカケン","スソノシ","サノ","静岡県","裾野市","佐野",0,1,0,0,0,0
22220,"41011","4101105","シズオカケン","スソノシ","シモワダ","静岡県","裾野市","下和田",0,0,0,0,0,0
22220,"41012","4101231","シズオカケン","スソノシ","スヤマ","静岡県","裾野市","須山",0,0,0,0,0,0
22220,"41011","4101116","シズオカケン","スソノシ","センプク","静岡県","裾野市","千福",0,0,0,0,0,0
22220,"41011","4101115","シズオカケン","スソノシ","センプクガオカ","静岡県","裾野市","千福が丘",0,0,1,0,0,0
22220,"41011","4101121","シズオカケン","スソノシ","チャバタケ","静岡県","裾野市","茶畑",0,1,0,0,0,0
22220,"41011","4101125","シズオカケン","スソノシ","トミザワ","静岡県","裾野市","富沢",0,1,0,0,0,0
22220,"41011","4101127","シズオカケン","スソノシ","ヒラマツ","静岡県","裾野市","平松",0,1,0,0,0,0
22220,"41011","4101102","シズオカケン","スソノシ","フカラ","静岡県","裾野市","深良",0,1,0,0,0,0
22220,"41011","4101128","シズオカケン","スソノシ","フタツヤ","静岡県","裾野市","二ツ屋",0,1,0,0,0,0
22220,"41011","4101107","シズオカケン","スソノシ","ミシュク","静岡県","裾野市","御宿",0,1,0,0,0,0
22220,"41011","4101124","シズオカケン","スソノシ","ミズクボ","静岡県","裾野市","水窪",0,0,0,0,0,0
22220,"41011","4101122","シズオカケン","スソノシ","ムギツカ","静岡県","裾野市","麦塚",0,0,0,0,0,0
22220,"41011","4101126","シズオカケン","スソノシ","モモゾノ","静岡県","裾野市","桃園",0,0,0,0,0,0
22220,"41011","4101109","シズオカケン","スソノシ","ヨビコ","静岡県","裾野市","呼子",0,0,1,0,0,0
22222,"41024","4102400","シズオカケン","イズシ","","静岡県","伊豆市","",0,0,0,0,0,0
22222,"41032","4103213","シズオカケン","イズシ","アオバネ","静岡県","伊豆市","青羽根",0,0,0,0,0,0
22222,"41025","4102516","シズオカケン","イズシ","イカダバ","静岡県","伊豆市","筏場",0,0,0,0,0,0
22222,"41032","4103205","シズオカケン","イズシ","イチヤマ","静岡県","伊豆市","市山",0,0,0,0,0,0
22222,"41025","4102509","シズオカケン","イズシ","ウメギ","静岡県","伊豆市","梅木",0,0,0,0,0,0
22222,"41024","4102412","シズオカケン","イズシ","ウリュウノ","静岡県","伊豆市","瓜生野",0,0,0,0,0,0
22222,"41024","4102417","シズオカケン","イズシ","オオサワ","静岡県","伊豆市","大沢",0,0,0,0,0,0
22222,"41024","4102415","シズオカケン","イズシ","オオダイラ","静岡県","伊豆市","大平",0,0,0,0,0,0
22222,"41032","4103217","シズオカケン","イズシ","オオダイラカキギ","静岡県","伊豆市","大平柿木",0,0,0,0,0,0
22222,"41024","4102402","シズオカケン","イズシ","オオノ","静岡県","伊豆市","大野",0,0,0,0,0,0
22222,"41033","4103301","シズオカケン","イズシ","オドイ","静岡県","伊豆市","小土肥",0,1,0,0,0,0
22222,"41024","4102407","シズオカケン","イズシ","カシワクボ","静岡県","伊豆市","柏久保",0,0,0,0,0,0
22222,"41024","4102405","シズオカケン","イズシ","カドノ","静岡県","伊豆市","加殿",0,0,0,0,0,0
22222,"41032","4103209","シズオカケン","イズシ","カドノハラ","静岡県","伊豆市","門野原",0,0,0,0,0,0
22222,"41025","4102502","シズオカケン","イズシ","カミシライワ","静岡県","伊豆市","上白岩",0,0,0,0,0,0
22222,"41032","4103216","シズオカケン","イズシ","カミフナバラ","静岡県","伊豆市","上船原",0,0,0,0,0,0
22222,"41025","4102517","シズオカケン","イズシ","キソウボウ","静岡県","伊豆市","貴僧坊",0,0,0,0,0,0
22222,"41024","4102411","シズオカケン","イズシ","クマサカ","静岡県","伊豆市","熊坂",0,0,0,0,0,0
22222,"41032","4103202","シズオカケン","イズシ","クモガネ","静岡県","伊豆市","雲金",0,0,0,0,0,0
22222,"41033","4103304","シズオカケン","イズシ","コシモダ","静岡県","伊豆市","小下田",0,1,0,0,0,0
22222,"41024","4102413","シズオカケン","イズシ","コダチノ","静岡県","伊豆市","小立野",0,0,0,0,0,0
22222,"41032","4103201","シズオカケン","イズシ","サノ","静岡県","伊豆市","佐野",0,0,0,0,0,0
22222,"41025","4102515","シズオカケン","イズシ","ジゾウドウ","静岡県","伊豆市","地蔵堂",0,0,0,0,0,0
22222,"41025","4102501","シズオカケン","イズシ","シモシライワ","静岡県","伊豆市","下白岩",0,0,0,0,0,0
22222,"41032","4103214","シズオカケン","イズシ","シモフナバラ","静岡県","伊豆市","下船原",0,0,0,0,0,0
22222,"41024","4102416","シズオカケン","イズシ","シュゼンジ","静岡県","伊豆市","修善寺",0,0,0,0,0,0
22222,"41025","4102503","シズオカケン","イズシ","ジョウ","静岡県","伊豆市","城",0,0,0,0,0,0
22222,"41025","4102513","シズオカケン","イズシ","スゲヒキ","静岡県","伊豆市","菅引",0,0,0,0,0,0
22222,"41025","4102504","シズオカケン","イズシ","セキノ","静岡県","伊豆市","関野",0,0,0,0,0,0
22222,"41032","4103204","シズオカケン","イズシ","タザワ","静岡県","伊豆市","田沢",0,0,0,0,0,0
22222,"41024","4102404","シズオカケン","イズシ","タシロ","静岡県","伊豆市","田代",0,0,0,0,0,0
22222,"41032","4103215","シズオカケン","イズシ","ツキガセ","静岡県","伊豆市","月ケ瀬",0,0,0,0,0,0
22222,"41033","4103302","シズオカケン","イズシ","トイ","静岡県","伊豆市","土肥",0,1,0,0,0,0
22222,"41025","4102506","シズオカケン","イズシ","トクナガ","静岡県","伊豆市","徳永",0,0,0,0,0,0
22222,"41025","4102519","シズオカケン","イズシ","トクラノ","静岡県","伊豆市","戸倉野",0,0,0,0,0,0
22222,"41024","4102403","シズオカケン","イズシ","トシガワ","静岡県","伊豆市","年川",0,0,0,0,0,0
22222,"41025","4102512","シズオカケン","イズシ","ナカハラト","静岡県","伊豆市","中原戸",0,0,0,0,0,0
22222,"41025","4102505","シズオカケン","イズシ","ハツマ","静岡県","伊豆市","八幡",0,0,0,0,0,0
22222,"41025","4102507","シズオカケン","イズシ","ヒエカワ","静岡県","伊豆市","冷川",0,0,0,0,0,0
22222,"41024","4102406","シズオカケン","イズシ","ヒナタ","静岡県","伊豆市","日向",0,0,0,0,0,0
22222,"41025","4102518","シズオカケン","イズシ","ヒメノユ","静岡県","伊豆市","姫之湯",0,0,0,0,0,0
22222,"41024","4102418","シズオカケン","イズシ","ホリギリ","静岡県","伊豆市","堀切",0,0,0,0,0,0
22222,"41032","4103212","シズオカケン","イズシ","ホンカキギ","静岡県","伊豆市","本柿木",0,0,0,0,0,0
22222,"41024","4102414","シズオカケン","イズシ","ホンダチノ","静岡県","伊豆市","本立野",0,0,0,0,0,0
22222,"41024","4102401","シズオカケン","イズシ","マキノコウ","静岡県","伊豆市","牧之郷",0,0,0,0,0,0
22222,"41032","4103211","シズオカケン","イズシ","マツガセ","静岡県","伊豆市","松ケ瀬",0,0,0,0,0,0
22222,"41025","4102511","シズオカケン","イズシ","ミヤカミ","静岡県","伊豆市","宮上",0,0,0,0,0,0
22222,"41032","4103207","シズオカケン","イズシ","モチコシ","静岡県","伊豆市","持越",0,0,0,0,0,0
22222,"41033","4103303","シズオカケン","イズシ","ヤギサワ","静岡県","伊豆市","八木沢",0,1,0,0,0,0
22222,"41032","4103203","シズオカケン","イズシ","ヤグマ","静岡県","伊豆市","矢熊",0,0,0,0,0,0
22222,"41025","4102508","シズオカケン","イズシ","ヤナセ","静岡県","伊豆市","柳瀬",0,0,0,0,0,0
22222,"41032","4103206","シズオカケン","イズシ","ユガシマ","静岡県","伊豆市","湯ケ島",0,0,0,0,0,0
22222,"41032","4103208","シズオカケン","イズシ","ヨシナ","静岡県","伊豆市","吉奈",0,0,0,0,0,0
22222,"41025","4102514","シズオカケン","イズシ","ワラボ","静岡県","伊豆市","原保",0,0,0,0,0,0
22225,"41022","4102200","シズオカケン","イズノクニシ","","静岡県","伊豆の国市","",0,0,0,0,0,0
22225,"41022","4102202","シズオカケン","イズノクニシ","アマノ","静岡県","伊豆の国市","天野",0,0,0,0,0,0
22225,"41023","4102311","シズオカケン","イズノクニシ","ウキハシ","静岡県","伊豆の国市","浮橋",0,0,0,0,0,0
22225,"41021","4102112","シズオカケン","イズノクニシ","ウチナカ","静岡県","伊豆の国市","内中",0,0,0,0,0,0
22225,"41021","4102103","シズオカケン","イズノクニシ","エメラルドタウン","静岡県","伊豆の国市","エメラルドタウン",0,0,0,0,0,0
22225,"41023","4102323","シズオカケン","イズノクニシ","オオヒト","静岡県","伊豆の国市","大仁",0,0,0,0,0,0
22225,"41022","4102203","シズオカケン","イズノクニシ","オサカ","静岡県","伊豆の国市","小坂",0,0,0,0,0,0
22225,"41023","4102325","シズオカケン","イズノクニシ","カミシマ","静岡県","伊豆の国市","神島",0,0,0,0,0,0
22225,"41022","4102223","シズオカケン","イズノクニシ","キタエマ","静岡県","伊豆の国市","北江間",0,0,0,0,0,0
22225,"41022","4102201","シズオカケン","イズノクニシ","コナ","静岡県","伊豆の国市","古奈",0,0,0,0,0,0
22225,"41021","4102101","シズオカケン","イズノクニシ","コマツガハラ","静岡県","伊豆の国市","小松ケ原",0,0,0,0,0,0
22225,"41021","4102122","シズオカケン","イズノクニシ","ジケ","静岡県","伊豆の国市","寺家",0,0,0,0,0,0
22225,"41023","4102314","シズオカケン","イズノクニシ","シモハタ","静岡県","伊豆の国市","下畑",0,0,0,0,0,0
22225,"41023","4102318","シズオカケン","イズノクニシ","シラヤマドウ","静岡県","伊豆の国市","白山堂",0,0,0,0,0,0
22225,"41023","4102302","シズオカケン","イズノクニシ","ソウコウジ","静岡県","伊豆の国市","宗光寺",1,0,0,0,0,0
22225,"41023","4102304","シズオカケン","イズノクニシ","ソウコウジセイワ","静岡県","伊豆の国市","宗光寺星和",1,0,0,0,0,0
22225,"41023","4102315","シズオカケン","イズノクニシ","タキョウ","静岡県","伊豆の国市","田京",0,0,0,0,0,0
22225,"41023","4102303","シズオカケン","イズノクニシ","タチバナ","静岡県","伊豆の国市","立花",0,0,1,0,0,0
22225,"41021","4102111","シズオカケン","イズノクニシ","タチバナダイ","静岡県","伊豆の国市","立花台",0,0,0,0,0,0
22225,"41023","4102301","シズオカケン","イズノクニシ","タナカヤマ","静岡県","伊豆の国市","田中山",0,0,0,0,0,0
22225,"41023","4102313","シズオカケン","イズノクニシ","タワラノ","静岡県","伊豆の国市","田原野",0,0,0,0,0,0
22225,"41021","4102121","シズオカケン","イズノクニシ","チュウジョウ","静岡県","伊豆の国市","中條",0,0,0,0,0,0
22225,"41023","4102312","シズオカケン","イズノクニシ","チョウジャガハラ","静岡県","伊豆の国市","長者原",0,0,0,0,0,0
22225,"41022","4102213","シズオカケン","イズノクニシ","トサワ","静岡県","伊豆の国市","戸沢",0,0,0,0,0,0
22225,"41021","4102113","シズオカケン","イズノクニシ","ナカ","静岡県","伊豆の国市","中",0,0,0,0,0,0
22225,"41022","4102211","シズオカケン","イズノクニシ","ナガオカ","静岡県","伊豆の国市","長岡",0,0,0,0,0,0
22225,"41021","4102131","シズオカケン","イズノクニシ","ナガサキ","静岡県","伊豆の国市","長崎",0,0,0,0,0,0
22225,"41023","4102324","シズオカケン","イズノクニシ","ナカジマ","静岡県","伊豆の国市","中島",0,0,0,0,0,0
22225,"41022","4102212","シズオカケン","イズノクニシ","ナガセ","静岡県","伊豆の国市","長瀬",0,0,0,0,0,0
22225,"41021","4102132","シズオカケン","イズノクニシ","ナゴヤ","静岡県","伊豆の国市","奈古谷",0,0,0,0,0,0
22225,"41021","4102114","シズオカケン","イズノクニシ","ナンジョウ","静岡県","伊豆の国市","南條",0,0,0,0,0,0
22225,"41021","4102142","シズオカケン","イズノクニシ","ニラヤマカナヤ","静岡県","伊豆の国市","韮山金谷",0,0,0,0,0,0
22225,"41021","4102133","シズオカケン","イズノクニシ","ニラヤマタダ","静岡県","伊豆の国市","韮山多田",0,0,0,0,0,0
22225,"41021","4102144","シズオカケン","イズノクニシ","ニラヤマドテワダ","静岡県","伊豆の国市","韮山土手和田",0,0,0,0,0,0
22225,"41021","4102143","シズオカケン","イズノクニシ","ニラヤマニラヤマ","静岡県","伊豆の国市","韮山韮山",0,0,0,0,0,0
22225,"41021","4102141","シズオカケン","イズノクニシ","ニラヤマヤマキ","静岡県","伊豆の国市","韮山山木",0,0,0,0,0,0
22225,"41022","4102214","シズオカケン","イズノクニシ","ハナサカ","静岡県","伊豆の国市","花坂",0,0,0,0,0,0
22225,"41021","4102124","シズオカケン","イズノクニシ","バラキ","静岡県","伊豆の国市","原木",0,0,0,0,0,0
22225,"41022","4102205","シズオカケン","イズノクニシ","フジミ","静岡県","伊豆の国市","富士見",0,0,0,0,0,0
22225,"41021","4102102","シズオカケン","イズノクニシ","フジミニュータウン","静岡県","伊豆の国市","富士見ニュータウン",0,0,0,0,0,0
22225,"41022","4102204","シズオカケン","イズノクニシ","ママノウエ","静岡県","伊豆の国市","墹之上",0,0,0,0,0,0
22225,"41023","4102316","シズオカケン","イズノクニシ","ミカド","静岡県","伊豆の国市","御門",0,0,0,0,0,0
22225,"41022","4102221","シズオカケン","イズノクニシ","ミナミエマ","静岡県","伊豆の国市","南江間",0,0,0,0,0,0
22225,"41023","4102321","シズオカケン","イズノクニシ","ミフク","静岡県","伊豆の国市","三福",0,0,0,0,0,0
22225,"41023","4102317","シズオカケン","イズノクニシ","モリキ","静岡県","伊豆の国市","守木",0,0,0,0,0,0
22225,"41023","4102322","シズオカケン","イズノクニシ","ヨシダ","静岡県","伊豆の国市","吉田",0,0,0,0,0,0
22225,"41021","4102123","シズオカケン","イズノクニシ","ヨッカマチ","静岡県","伊豆の国市","四日町",0,0,0,0,0,0
22301,"413  ","4130300","シズオカケン","カモグンヒガシイズチョウ","","静岡県","賀茂郡東伊豆町","",0,0,0,0,0,0
22301,"41304","4130411","シズオカケン","カモグンヒガシイズチョウ","イナトリ","静岡県","賀茂郡東伊豆町","稲取",0,0,0,0,0,0
22301,"41303","4130301","シズオカケン","カモグンヒガシイズチョウ","オオカワ","静岡県","賀茂郡東伊豆町","大川",0,0,0,0,0,0
22301,"41303","4130303","シズオカケン","カモグンヒガシイズチョウ","カタセ","静岡県","賀茂郡東伊豆町","片瀬",0,0,0,0,0,0
22301,"41303","4130304","シズオカケン","カモグンヒガシイズチョウ","シラタ","静岡県","賀茂郡東伊豆町","白田",0,0,0,0,0,0
22301,"41303","4130302","シズオカケン","カモグンヒガシイズチョウ","ナラモト","静岡県","賀茂郡東伊豆町","奈良本",0,0,0,1,0,0
22301,"41303","4130302","シズオカケン","カモグンヒガシイズチョウ","ホツカワ","静岡県","賀茂郡東伊豆町","北川",0,0,0,1,0,0
22302,"413  ","4130500","シズオカケン","カモグンカワヅチョウ","","静岡県","賀茂郡河津町","",0,0,0,0,0,0
22302,"41305","4130509","シズオカケン","カモグンカワヅチョウ","オオナベ","静岡県","賀茂郡河津町","大鍋",0,0,0,0,0,0
22302,"41305","4130502","シズオカケン","カモグンカワヅチョウ","カワヅイカダバ","静岡県","賀茂郡河津町","川津筏場",0,0,0,0,0,0
22302,"41305","4130508","シズオカケン","カモグンカワヅチョウ","コナベ","静岡県","賀茂郡河津町","小鍋",0,0,0,0,0,0
22302,"41305","4130516","シズオカケン","カモグンカワヅチョウ","サカサガワ","静岡県","賀茂郡河津町","逆川",0,0,0,0,0,0
22302,"41305","4130512","シズオカケン","カモグンカワヅチョウ","ササハラ","静岡県","賀茂郡河津町","笹原",0,0,0,0,0,0
22302,"41305","4130505","シズオカケン","カモグンカワヅチョウ","サワダ","静岡県","賀茂郡河津町","沢田",0,0,0,0,0,0
22302,"41305","4130506","シズオカケン","カモグンカワヅチョウ","シモサガノ","静岡県","賀茂郡河津町","下佐ケ野",0,0,0,0,0,0
22302,"41305","4130504","シズオカケン","カモグンカワヅチョウ","タナカ","静岡県","賀茂郡河津町","田中",0,0,0,0,0,0
22302,"41305","4130501","シズオカケン","カモグンカワヅチョウ","ナシモト","静岡県","賀茂郡河津町","梨本",0,0,0,0,0,0
22302,"41305","4130514","シズオカケン","カモグンカワヅチョウ","ナワジ","静岡県","賀茂郡河津町","縄地",0,0,0,0,0,0
22302,"41305","4130513","シズオカケン","カモグンカワヅチョウ","ハマ","静岡県","賀茂郡河津町","浜",0,0,0,0,0,0
22302,"41305","4130503","シズオカケン","カモグンカワヅチョウ","ミダカ","静岡県","賀茂郡河津町","見高",0,0,0,0,0,0
22302,"41305","4130511","シズオカケン","カモグンカワヅチョウ","ミネ","静岡県","賀茂郡河津町","峰",0,0,0,0,0,0
22302,"41305","4130515","シズオカケン","カモグンカワヅチョウ","ヤツ","静岡県","賀茂郡河津町","谷津",0,0,0,0,0,0
22302,"41305","4130507","シズオカケン","カモグンカワヅチョウ","ユガノ","静岡県","賀茂郡河津町","湯ケ野",0,0,0,0,0,0
22304,"415  ","4150300","シズオカケン","カモグンミナミイズチョウ","","静岡県","賀茂郡南伊豆町","",0,0,0,0,0,0
22304,"41501","4150151","シズオカケン","カモグンミナミイズチョウ","アオイチ","静岡県","賀茂郡南伊豆町","青市",0,0,0,0,0,0
22304,"41503","4150327","シズオカケン","カモグンミナミイズチョウ","アオノ","静岡県","賀茂郡南伊豆町","青野",0,0,0,0,0,0
22304,"41503","4150306","シズオカケン","カモグンミナミイズチョウ","イシイ","静岡県","賀茂郡南伊豆町","石井",0,0,0,0,0,0
22304,"41503","4150313","シズオカケン","カモグンミナミイズチョウ","イシキ","静岡県","賀茂郡南伊豆町","一色",0,0,0,0,0,0
22304,"41503","4150301","シズオカケン","カモグンミナミイズチョウ","イチジョウ","静岡県","賀茂郡南伊豆町","一條",0,0,0,0,0,0
22304,"41503","4150325","シズオカケン","カモグンミナミイズチョウ","イチノセ","静岡県","賀茂郡南伊豆町","市之瀬",0,0,0,1,0,0
22304,"41505","4150531","シズオカケン","カモグンミナミイズチョウ","イッチョウダ","静岡県","賀茂郡南伊豆町","一町田",0,0,0,1,0,0
22304,"41505","4150531","シズオカケン","カモグンミナミイズチョウ","イハマ","静岡県","賀茂郡南伊豆町","伊浜",0,0,0,1,0,0
22304,"41503","4150312","シズオカケン","カモグンミナミイズチョウ","イルマ","静岡県","賀茂郡南伊豆町","入間",0,0,0,1,0,0
22304,"41501","4150156","シズオカケン","カモグンミナミイズチョウ","イロウザキ","静岡県","賀茂郡南伊豆町","石廊崎",0,0,0,0,0,0
22304,"41503","4150322","シズオカケン","カモグンミナミイズチョウ","イワドノ","静岡県","賀茂郡南伊豆町","岩殿",0,0,0,0,0,0
22304,"41501","4150155","シズオカケン","カモグンミナミイズチョウ","オオセ","静岡県","賀茂郡南伊豆町","大瀬",0,0,0,0,0,0
22304,"41505","4150531","シズオカケン","カモグンミナミイズチョウ","オチイ","静岡県","賀茂郡南伊豆町","落居",0,0,0,1,0,0
22304,"41503","4150304","シズオカケン","カモグンミナミイズチョウ","カノウ","静岡県","賀茂郡南伊豆町","加納",0,0,0,0,0,0
22304,"41503","4150324","シズオカケン","カモグンミナミイズチョウ","カミオノ","静岡県","賀茂郡南伊豆町","上小野",0,0,0,0,0,0
22304,"41503","4150302","シズオカケン","カモグンミナミイズチョウ","カミガモ","静岡県","賀茂郡南伊豆町","上賀茂",0,0,0,0,0,0
22304,"41503","4150323","シズオカケン","カモグンミナミイズチョウ","カワイノ","静岡県","賀茂郡南伊豆町","川合野",0,0,0,1,0,0
22304,"41503","4150321","シズオカケン","カモグンミナミイズチョウ","ケグラノ","静岡県","賀茂郡南伊豆町","毛倉野",0,0,0,0,0,0
22304,"41505","4150532","シズオカケン","カモグンミナミイズチョウ","コウラ","静岡県","賀茂郡南伊豆町","子浦",0,0,0,0,0,0
22304,"41503","4150312","シズオカケン","カモグンミナミイズチョウ","サシダ","静岡県","賀茂郡南伊豆町","差田",0,0,0,1,0,0
22304,"41501","4150154","シズオカケン","カモグンミナミイズチョウ","シタル","静岡県","賀茂郡南伊豆町","下流",0,0,0,0,0,0
22304,"41503","4150323","シズオカケン","カモグンミナミイズチョウ","シモオノ","静岡県","賀茂郡南伊豆町","下小野",0,0,0,1,0,0
22304,"41503","4150303","シズオカケン","カモグンミナミイズチョウ","シモガモ","静岡県","賀茂郡南伊豆町","下賀茂",0,0,0,0,0,0
22304,"41503","4150326","シズオカケン","カモグンミナミイズチョウ","ジャイシ","静岡県","賀茂郡南伊豆町","蛇石",0,0,0,0,0,0
22304,"41505","4150533","シズオカケン","カモグンミナミイズチョウ","タテイワ","静岡県","賀茂郡南伊豆町","立岩",0,0,0,1,0,0
22304,"41503","4150314","シズオカケン","カモグンミナミイズチョウ","チョウガノ","静岡県","賀茂郡南伊豆町","蝶ケ野",0,0,0,0,0,0
22304,"41501","4150153","シズオカケン","カモグンミナミイズチョウ","テイシ","静岡県","賀茂郡南伊豆町","手石",0,0,0,0,0,0
22304,"41505","4150531","シズオカケン","カモグンミナミイズチョウ","テンジンバラ","静岡県","賀茂郡南伊豆町","天神原",0,0,0,1,0,0
22304,"41503","4150311","シズオカケン","カモグンミナミイズチョウ","ナカギ","静岡県","賀茂郡南伊豆町","中木",0,0,0,0,0,0
22304,"41503","4150305","シズオカケン","カモグンミナミイズチョウ","ニジョウ","静岡県","賀茂郡南伊豆町","二條",0,0,0,0,0,0
22304,"41503","4150325","シズオカケン","カモグンミナミイズチョウ","ヒラド","静岡県","賀茂郡南伊豆町","平戸",0,0,0,1,0,0
22304,"41501","4150152","シズオカケン","カモグンミナミイズチョウ","ミナト","静岡県","賀茂郡南伊豆町","湊",0,0,0,0,0,0
22304,"41505","4150533","シズオカケン","カモグンミナミイズチョウ","メラ","静岡県","賀茂郡南伊豆町","妻良",0,0,0,1,0,0
22304,"41505","4150533","シズオカケン","カモグンミナミイズチョウ","ヨシダ","静岡県","賀茂郡南伊豆町","吉田",0,0,0,1,0,0
22305,"410  ","4103600","シズオカケン","カモグンマツザキチョウ","","静岡県","賀茂郡松崎町","",0,0,0,0,0,0
22305,"41036","4103603","シズオカケン","カモグンマツザキチョウ","アケブシ","静岡県","賀茂郡松崎町","明伏",0,1,0,0,0,0
22305,"41036","4103601","シズオカケン","カモグンマツザキチョウ","イケシロ","静岡県","賀茂郡松崎町","池代",0,1,0,0,0,0
22305,"41036","4103616","シズオカケン","カモグンマツザキチョウ","イシブ","静岡県","賀茂郡松崎町","石部",0,1,0,0,0,0
22305,"41036","4103614","シズオカケン","カモグンマツザキチョウ","イワシナナンソク","静岡県","賀茂郡松崎町","岩科南側",0,1,0,0,0,0
22305,"41036","4103613","シズオカケン","カモグンマツザキチョウ","イワシナホクソク","静岡県","賀茂郡松崎町","岩科北側",0,1,0,0,0,0
22305,"41036","4103617","シズオカケン","カモグンマツザキチョウ","イワチ","静岡県","賀茂郡松崎町","岩地",0,1,0,0,0,0
22305,"41036","4103624","シズオカケン","カモグンマツザキチョウ","エナ","静岡県","賀茂郡松崎町","江奈",0,1,0,0,0,0
22305,"41036","4103604","シズオカケン","カモグンマツザキチョウ","オオサワ","静岡県","賀茂郡松崎町","大沢",0,1,0,0,0,0
22305,"41036","4103607","シズオカケン","カモグンマツザキチョウ","カドノ","静岡県","賀茂郡松崎町","門野",0,1,0,0,0,0
22305,"41036","4103615","シズオカケン","カモグンマツザキチョウ","クモミ","静岡県","賀茂郡松崎町","雲見",0,1,0,0,0,0
22305,"41036","4103627","シズオカケン","カモグンマツザキチョウ","ケンキュウジ","静岡県","賀茂郡松崎町","建久寺",0,1,0,0,0,0
22305,"41036","4103602","シズオカケン","カモグンマツザキチョウ","コスギハラ","静岡県","賀茂郡松崎町","小杉原",0,1,0,0,0,0
22305,"41036","4103625","シズオカケン","カモグンマツザキチョウ","サクラダ","静岡県","賀茂郡松崎町","桜田",0,1,0,0,0,0
22305,"41036","4103623","シズオカケン","カモグンマツザキチョウ","シクラ","静岡県","賀茂郡松崎町","伏倉",0,1,0,0,0,0
22305,"41036","4103626","シズオカケン","カモグンマツザキチョウ","ナカ","静岡県","賀茂郡松崎町","那賀",0,1,0,0,0,0
22305,"41036","4103622","シズオカケン","カモグンマツザキチョウ","ナンゴウ","静岡県","賀茂郡松崎町","南郷",0,1,0,0,0,0
22305,"41036","4103606","シズオカケン","カモグンマツザキチョウ","フナタ","静岡県","賀茂郡松崎町","船田",0,1,0,0,0,0
22305,"41036","4103611","シズオカケン","カモグンマツザキチョウ","マツザキ","静岡県","賀茂郡松崎町","松崎",0,1,0,0,0,0
22305,"41036","4103618","シズオカケン","カモグンマツザキチョウ","ミチブ","静岡県","賀茂郡松崎町","道部",0,1,0,0,0,0
22305,"41036","4103605","シズオカケン","カモグンマツザキチョウ","ミネワ","静岡県","賀茂郡松崎町","峰輪",0,1,0,0,0,0
22305,"41036","4103612","シズオカケン","カモグンマツザキチョウ","ミヤウチ","静岡県","賀茂郡松崎町","宮内",0,1,0,0,0,0
22305,"41036","4103621","シズオカケン","カモグンマツザキチョウ","ヨシダ","静岡県","賀茂郡松崎町","吉田",0,1,0,0,0,0
22306,"410  ","4103500","シズオカケン","カモグンニシイズチョウ","","静岡県","賀茂郡西伊豆町","",0,0,0,0,0,0
22306,"41035","4103502","シズオカケン","カモグンニシイズチョウ","アラリ","静岡県","賀茂郡西伊豆町","安良里",0,0,0,0,0,0
22306,"41035","4103512","シズオカケン","カモグンニシイズチョウ","イシキ","静岡県","賀茂郡西伊豆町","一色",0,0,0,0,0,0
22306,"41035","4103501","シズオカケン","カモグンニシイズチョウ","ウグス","静岡県","賀茂郡西伊豆町","宇久須",0,0,0,0,0,0
22306,"41035","4103511","シズオカケン","カモグンニシイズチョウ","オオソウリ","静岡県","賀茂郡西伊豆町","大沢里",0,0,0,0,0,0
22306,"41035","4103515","シズオカケン","カモグンニシイズチョウ","タゴ","静岡県","賀茂郡西伊豆町","田子",0,0,0,0,0,0
22306,"41035","4103513","シズオカケン","カモグンニシイズチョウ","ナカ","静岡県","賀茂郡西伊豆町","中",0,0,0,0,0,0
22306,"41035","4103514","シズオカケン","カモグンニシイズチョウ","ニシナ","静岡県","賀茂郡西伊豆町","仁科",0,0,0,0,0,0
22325,"41901","4190100","シズオカケン","タガタグンカンナミチョウ","","静岡県","田方郡函南町","",0,0,0,0,0,0
22325,"41901","4190121","シズオカケン","タガタグンカンナミチョウ","オオタケ","静岡県","田方郡函南町","大竹",0,0,0,0,0,0
22325,"41901","4190113","シズオカケン","タガタグンカンナミチョウ","オオドイ","静岡県","田方郡函南町","大土肥",0,0,0,0,0,0
22325,"41901","4190112","シズオカケン","タガタグンカンナミチョウ","カシヤ","静岡県","田方郡函南町","柏谷",0,0,0,0,0,0
22325,"41901","4190122","シズオカケン","タガタグンカンナミチョウ","カミサワ","静岡県","田方郡函南町","上沢",0,0,0,0,0,0
22325,"41901","4190103","シズオカケン","タガタグンカンナミチョウ","カルイサワ","静岡県","田方郡函南町","軽井沢",0,0,0,0,0,0
22325,"411  ","4110001","シズオカケン","タガタグンカンナミチョウ","クワハライバラガヒラ","静岡県","田方郡函南町","桑原茨ケ平",1,0,0,1,0,0
22325,"411  ","4110001","シズオカケン","タガタグンカンナミチョウ","クワハラハコネトウゲ","静岡県","田方郡函南町","桑原箱根峠",1,0,0,1,0,0
22325,"41901","4190101","シズオカケン","タガタグンカンナミチョウ","クワハラ","静岡県","田方郡函南町","桑原",1,0,0,0,0,0
22325,"41901","4190115","シズオカケン","タガタグンカンナミチョウ","シンデン","静岡県","田方郡函南町","新田",0,0,0,0,0,0
22325,"41901","4190102","シズオカケン","タガタグンカンナミチョウ","タシロ","静岡県","田方郡函南町","田代",0,0,0,0,0,0
22325,"41901","4190105","シズオカケン","タガタグンカンナミチョウ","タンナ","静岡県","田方郡函南町","丹那",0,0,0,0,0,0
22325,"41901","4190124","シズオカケン","タガタグンカンナミチョウ","ツカモト","静岡県","田方郡函南町","塚本",0,0,0,0,0,0
22325,"41901","4190114","シズオカケン","タガタグンカンナミチョウ","ニッタ","静岡県","田方郡函南町","仁田",0,0,0,0,0,0
22325,"41901","4190104","シズオカケン","タガタグンカンナミチョウ","ハタ","静岡県","田方郡函南町","畑",0,0,0,0,0,0
22325,"41901","4190111","シズオカケン","タガタグンカンナミチョウ","ハタケ","静岡県","田方郡函南町","畑毛",0,0,0,0,0,0
22325,"41901","4190125","シズオカケン","タガタグンカンナミチョウ","ヒタ","静岡県","田方郡函南町","肥田",0,0,0,0,0,0
22325,"41901","4190116","シズオカケン","タガタグンカンナミチョウ","ヒモリ","静岡県","田方郡函南町","日守",0,0,0,0,0,0
22325,"41901","4190107","シズオカケン","タガタグンカンナミチョウ","ヒライ","静岡県","田方郡函南町","平井",0,0,0,0,0,0
22325,"41901","4190123","シズオカケン","タガタグンカンナミチョウ","マミヤ","静岡県","田方郡函南町","間宮",0,0,0,0,0,0
22325,"41901","4190106","シズオカケン","タガタグンカンナミチョウ","ミナミハコネダイヤランド","静岡県","田方郡函南町","南箱根ダイヤランド",0,0,0,0,0,0
22341,"411  ","4110000","シズオカケン","スントウグンシミズチョウ","","静岡県","駿東郡清水町","",0,0,0,1,0,0
22341,"411  ","4110912","シズオカケン","スントウグンシミズチョウ","オロシダンチ","静岡県","駿東郡清水町","卸団地",0,0,0,0,0,0
22341,"411  ","4110904","シズオカケン","スントウグンシミズチョウ","カキダ","静岡県","駿東郡清水町","柿田",0,0,0,0,0,0
22341,"411  ","4110911","シズオカケン","スントウグンシミズチョウ","クマイデン","静岡県","駿東郡清水町","久米田",0,0,0,0,0,0
22341,"411  ","4110901","シズオカケン","スントウグンシミズチョウ","シンシュク","静岡県","駿東郡清水町","新宿",0,0,0,0,0,0
22341,"411  ","4110902","シズオカケン","スントウグンシミズチョウ","タマガワ","静岡県","駿東郡清水町","玉川",0,0,0,0,0,0
22341,"411  ","4110903","シズオカケン","スントウグンシミズチョウ","ドウニワ","静岡県","駿東郡清水町","堂庭",0,0,0,0,0,0
22341,"411  ","4110917","シズオカケン","スントウグンシミズチョウ","トクラカミトクラ","静岡県","駿東郡清水町","徳倉上徳倉",0,0,0,0,0,0
22341,"411  ","4110917","シズオカケン","スントウグンシミズチョウ","トクラシモトクラ","静岡県","駿東郡清水町","徳倉下徳倉",0,0,0,0,0,0
22341,"411  ","4110917","シズオカケン","スントウグンシミズチョウ","トクラソトハラ","静岡県","駿東郡清水町","徳倉外原",0,0,0,0,0,0
22341,"411  ","4110913","シズオカケン","スントウグンシミズチョウ","トダ","静岡県","駿東郡清水町","戸田",0,0,0,0,0,0
22341,"411  ","4110916","シズオカケン","スントウグンシミズチョウ","ナカトクラ","静岡県","駿東郡清水町","中徳倉",0,0,0,0,0,0
22341,"411  ","4110905","シズオカケン","スントウグンシミズチョウ","ナガサワ","静岡県","駿東郡清水町","長沢",0,0,0,0,0,0
22341,"411  ","4110914","シズオカケン","スントウグンシミズチョウ","ハタケナカ","静岡県","駿東郡清水町","畑中",0,0,0,0,0,0
22341,"411  ","4110907","シズオカケン","スントウグンシミズチョウ","フシミ","静岡県","駿東郡清水町","伏見",0,0,0,0,0,0
22341,"411  ","4110915","シズオカケン","スントウグンシミズチョウ","マトバ","静岡県","駿東郡清水町","的場",0,0,0,0,0,0
22341,"411  ","4110906","シズオカケン","スントウグンシミズチョウ","ヤハタ","静岡県","駿東郡清水町","八幡",0,0,0,0,0,0
22341,"411  ","4110918","シズオカケン","スントウグンシミズチョウ","ユカワ","静岡県","駿東郡清水町","湯川",0,0,0,0,0,0
22342,"411  ","4110000","シズオカケン","スントウグンナガイズミチョウ","","静岡県","駿東郡長泉町","",0,0,0,1,0,0
22342,"411  ","4110941","シズオカケン","スントウグンナガイズミチョウ","カミトガリ","静岡県","駿東郡長泉町","上土狩",0,0,0,0,0,0
22342,"411  ","4110935","シズオカケン","スントウグンナガイズミチョウ","カミナガクボ","静岡県","駿東郡長泉町","上長窪",0,0,0,0,0,0
22342,"411  ","4110951","シズオカケン","スントウグンナガイズミチョウ","サクラヅツミ","静岡県","駿東郡長泉町","桜堤",0,0,1,0,0,0
22342,"411  ","4110943","シズオカケン","スントウグンナガイズミチョウ","シモトガリ","静岡県","駿東郡長泉町","下土狩",0,0,0,0,0,0
22342,"411  ","4110934","シズオカケン","スントウグンナガイズミチョウ","シモナガクボ","静岡県","駿東郡長泉町","下長窪",0,0,0,0,0,0
22342,"411  ","4110944","シズオカケン","スントウグンナガイズミチョウ","タケハラ","静岡県","駿東郡長泉町","竹原",0,0,0,0,0,0
22342,"411  ","4110942","シズオカケン","スントウグンナガイズミチョウ","ナカトガリ","静岡県","駿東郡長泉町","中土狩",0,0,0,0,0,0
22342,"411  ","4110933","シズオカケン","スントウグンナガイズミチョウ","ナメリ","静岡県","駿東郡長泉町","納米里",0,0,0,0,0,0
22342,"411  ","4110931","シズオカケン","スントウグンナガイズミチョウ","ヒガシノ","静岡県","駿東郡長泉町","東野",0,0,0,0,0,0
22342,"411  ","4110945","シズオカケン","スントウグンナガイズミチョウ","ホンジュク","静岡県","駿東郡長泉町","本宿",0,0,0,0,0,0
22342,"411  ","4110932","シズオカケン","スントウグンナガイズミチョウ","ミナミイシキ","静岡県","駿東郡長泉町","南一色",0,0,0,0,0,0
22342,"411  ","4110936","シズオカケン","スントウグンナガイズミチョウ","モトナガクボ","静岡県","駿東郡長泉町","元長窪",0,0,0,0,0,0
22344,"41013","4101300","シズオカケン","スントウグンオヤマチョウ","","静岡県","駿東郡小山町","",0,0,0,0,0,0
22344,"41013","4101321","シズオカケン","スントウグンオヤマチョウ","アダノ","静岡県","駿東郡小山町","阿多野",0,0,0,0,0,0
22344,"41013","4101314","シズオカケン","スントウグンオヤマチョウ","アラシバ","静岡県","駿東郡小山町","新柴",0,0,0,0,0,0
22344,"41013","4101303","シズオカケン","スントウグンオヤマチョウ","イキド","静岡県","駿東郡小山町","生土",0,0,0,0,0,0
22344,"41013","4101325","シズオカケン","スントウグンオヤマチョウ","イシキ","静岡県","駿東郡小山町","一色",0,0,0,0,0,0
22344,"41013","4101306","シズオカケン","スントウグンオヤマチョウ","ウエノ","静岡県","駿東郡小山町","上野",0,0,0,0,0,0
22344,"41013","4101317","シズオカケン","スントウグンオヤマチョウ","オオゴダ","静岡県","駿東郡小山町","大胡田",0,0,0,0,0,0
22344,"41013","4101308","シズオカケン","スントウグンオヤマチョウ","オオミカ","静岡県","駿東郡小山町","大御神",0,0,0,0,0,0
22344,"41013","4101311","シズオカケン","スントウグンオヤマチョウ","オヤマ","静岡県","駿東郡小山町","小山",0,0,0,0,0,0
22344,"41013","4101323","シズオカケン","スントウグンオヤマチョウ","カミフルシロ","静岡県","駿東郡小山町","上古城",0,0,0,0,0,0
22344,"41013","4101315","シズオカケン","スントウグンオヤマチョウ","クワギ","静岡県","駿東郡小山町","桑木",0,0,0,0,0,0
22344,"41014","4101432","シズオカケン","スントウグンオヤマチョウ","ジエイタイフジガッコウ","静岡県","駿東郡小山町","自衛隊富士学校",0,0,0,0,0,0
22344,"41013","4101324","シズオカケン","スントウグンオヤマチョウ","シモコバヤシ","静岡県","駿東郡小山町","下小林",0,0,0,0,0,0
22344,"41013","4101316","シズオカケン","スントウグンオヤマチョウ","シモフルシロ","静岡県","駿東郡小山町","下古城",0,0,0,0,0,0
22344,"41013","4101312","シズオカケン","スントウグンオヤマチョウ","スガヌマ","静岡県","駿東郡小山町","菅沼",0,0,0,0,0,0
22344,"41014","4101431","シズオカケン","スントウグンオヤマチョウ","スバシリ","静岡県","駿東郡小山町","須走",0,0,0,0,0,0
22344,"41013","4101313","シズオカケン","スントウグンオヤマチョウ","タケノシタ","静岡県","駿東郡小山町","竹之下",0,0,0,0,0,0
22344,"41013","4101327","シズオカケン","スントウグンオヤマチョウ","タナガシラ","静岡県","駿東郡小山町","棚頭",0,0,0,0,0,0
22344,"41013","4101302","シズオカケン","スントウグンオヤマチョウ","ナカジマ","静岡県","駿東郡小山町","中島",0,0,0,0,0,0
22344,"41013","4101307","シズオカケン","スントウグンオヤマチョウ","ナカヒナタ","静岡県","駿東郡小山町","中日向",0,0,0,0,0,0
22344,"41013","4101304","シズオカケン","スントウグンオヤマチョウ","フジマガリ","静岡県","駿東郡小山町","藤曲",0,0,0,0,0,0
22344,"41013","4101301","シズオカケン","スントウグンオヤマチョウ","ヤナギシマ","静岡県","駿東郡小山町","柳島",0,0,0,0,0,0
22344,"41013","4101305","シズオカケン","スントウグンオヤマチョウ","ユブネ","静岡県","駿東郡小山町","湯船",0,0,0,0,0,0
22344,"41013","4101326","シズオカケン","スントウグンオヤマチョウ","ヨウサワ","静岡県","駿東郡小山町","用沢",0,0,0,0,0,0
22344,"41013","4101322","シズオカケン","スントウグンオヤマチョウ","ヨシクボ","静岡県","駿東郡小山町","吉久保",0,0,0,0,0,0
